load_factor,elasticity_factor,stiffness_loss,affected_component,maximum_vertical_displacement_mm,maximum_total_displacement_mm,approximate_maximum_stress_mpa,risk_index,structural_state,data_status
0.8,0.6,0.0,ARCH,1.8226346666666668,2.8256716800000006,27.648000000000003,0.2753299797333334,SAFE,SYNTHETIC_EXPLORATORY_NOT_OPENSEES
0.8,0.6,0.0,DECK,1.8226346666666668,2.694853546666667,23.552000000000003,0.25393234240000007,SAFE,SYNTHETIC_EXPLORATORY_NOT_OPENSEES
0.8,0.6,0.0,SUPPORT,1.8226346666666668,3.0088170666666665,30.208,0.2930123253333333,SAFE,SYNTHETIC_EXPLORATORY_NOT_OPENSEES
0.8,0.6,0.1,ARCH,2.029191111111111,3.1459008,29.859840000000005,0.3337514245925926,SAFE,SYNTHETIC_EXPLORATORY_NOT_OPENSEES
0.8,0.6,0.1,DECK,1.9679655172413792,2.909732241379311,24.908595200000004,0.29421570560666677,SAFE,SYNTHETIC_EXPLORATORY_NOT_OPENSEES
0.8,0.6,0.1,SUPPORT,2.094348623853211,3.457364220183486,33.3012992,0.37082875216660555,SAFE,SYNTHETIC_EXPLORATORY_NOT_OPENSEES
0.8,0.6,0.2,ARCH,2.29648,3.5602848000000002,32.07168000000001,0.39848926666666673,MODERATE,SYNTHETIC_EXPLORATORY_NOT_OPENSEES
0.8,0.6,0.2,DECK,2.1462429906542058,3.1733241121495332,26.2651904,0.3376570359018069,SAFE,SYNTHETIC_EXPLORATORY_NOT_OPENSEES
0.8,0.6,0.2,SUPPORT,2.469333333333333,4.076391397849463,36.3945984,0.46009958334738355,MODERATE,SYNTHETIC_EXPLORATORY_NOT_OPENSEES
0.8,0.6,0.3,ARCH,2.6505295238095243,4.109175771428572,34.28352,0.4722505333333334,MODERATE,SYNTHETIC_EXPLORATORY_NOT_OPENSEES
0.8,0.6,0.3,DECK,2.3665442176870752,3.499050136054423,27.621785600000006,0.38512638544244904,MODERATE,SYNTHETIC_EXPLORATORY_NOT_OPENSEES
0.8,0.6,0.3,SUPPORT,3.0119653679653684,4.972171861471862,39.4878976,0.5679652267806061,MODERATE,SYNTHETIC_EXPLORATORY_NOT_OPENSEES
0.8,0.6,0.4,ARCH,3.13472,4.859827200000001,36.495360000000005,0.559546936888889,MODERATE,SYNTHETIC_EXPLORATORY_NOT_OPENSEES
0.8,0.6,0.4,DECK,2.64161797752809,3.905760000000001,28.978380800000004,0.43784573759520606,MODERATE,SYNTHETIC_EXPLORATORY_NOT_OPENSEES
0.8,0.6,0.4,SUPPORT,3.8541639344262295,6.36247868852459,42.5811968,0.7032926385556284,CRITICAL,SYNTHETIC_EXPLORATORY_NOT_OPENSEES
0.8,0.6,0.5,ARCH,3.827136,5.933295360000001,38.7072,0.6668328928000001,CRITICAL,SYNTHETIC_EXPLORATORY_NOT_OPENSEES
0.8,0.6,0.5,DECK,2.98995,4.42078575,30.334976000000005,0.4975869682416667,MODERATE,SYNTHETIC_EXPLORATORY_NOT_OPENSEES
0.8,0.6,0.5,SUPPORT,5.315466666666667,8.774806666666667,45.674496,0.8523373345333333,PROBABLE_FAILURE,SYNTHETIC_EXPLORATORY_NOT_OPENSEES
0.8,0.6,0.6,ARCH,4.883946666666667,7.571692800000001,40.91904,0.7720172320000002,CRITICAL,SYNTHETIC_EXPLORATORY_NOT_OPENSEES
0.8,0.6,0.6,DECK,3.439399061032863,5.0853179342723,31.691571200000002,0.5670203692033802,MODERATE,SYNTHETIC_EXPLORATORY_NOT_OPENSEES
0.8,0.6,0.6,SUPPORT,8.420597701149426,13.900777011494252,48.767795199999995,0.9679288081066667,PROBABLE_FAILURE,SYNTHETIC_EXPLORATORY_NOT_OPENSEES
0.8,0.75,0.0,ARCH,1.4581077333333334,2.2605373440000003,27.648000000000003,0.2346451037866667,SAFE,SYNTHETIC_EXPLORATORY_NOT_OPENSEES
0.8,0.75,0.0,DECK,1.4581077333333334,2.155882837333334,23.552000000000003,0.2143594205866667,SAFE,SYNTHETIC_EXPLORATORY_NOT_OPENSEES
0.8,0.75,0.0,SUPPORT,1.4581077333333334,2.407053653333333,30.208,0.2507707136,SAFE,SYNTHETIC_EXPLORATORY_NOT_OPENSEES
0.8,0.75,0.1,ARCH,1.6233528888888886,2.51672064,29.859840000000005,0.2884927492740741,SAFE,SYNTHETIC_EXPLORATORY_NOT_OPENSEES
0.8,0.75,0.1,DECK,1.5743724137931032,2.3277857931034482,24.908595200000004,0.25152321144000006,SAFE,SYNTHETIC_EXPLORATORY_NOT_OPENSEES
0.8,0.75,0.1,SUPPORT,1.6754788990825686,2.7658913761467887,33.3012992,0.32232800644795107,SAFE,SYNTHETIC_EXPLORATORY_NOT_OPENSEES
0.8,0.75,0.2,ARCH,1.8371839999999995,2.84822784,32.07168000000001,0.3473935125333334,SAFE,SYNTHETIC_EXPLORATORY_NOT_OPENSEES
0.8,0.75,0.2,DECK,1.7169943925233644,2.5386592897196265,26.2651904,0.2912133759641122,SAFE,SYNTHETIC_EXPLORATORY_NOT_OPENSEES
0.8,0.75,0.2,SUPPORT,1.9754666666666663,3.2611131182795696,36.3945984,0.40304882277390675,MODERATE,SYNTHETIC_EXPLORATORY_NOT_OPENSEES
0.8,0.75,0.3,ARCH,2.1204236190476196,3.287340617142858,34.28352,0.41351301546666674,MODERATE,SYNTHETIC_EXPLORATORY_NOT_OPENSEES
0.8,0.75,0.3,DECK,1.89323537414966,2.7992401088435375,27.621785600000006,0.3341259558846259,SAFE,SYNTHETIC_EXPLORATORY_NOT_OPENSEES
0.8,0.75,0.3,SUPPORT,2.409572294372295,3.97773748917749,39.4878976,0.4986454889018182,MODERATE,SYNTHETIC_EXPLORATORY_NOT_OPENSEES
0.8,0.75,0.4,ARCH,2.5077760000000002,3.8878617600000007,36.495360000000005,0.4904606279111112,MODERATE,SYNTHETIC_EXPLORATORY_NOT_OPENSEES
0.8,0.75,0.4,DECK,2.1132943820224717,3.1246080000000003,28.978380800000004,0.38123853789483153,MODERATE,SYNTHETIC_EXPLORATORY_NOT_OPENSEES
0.8,0.75,0.4,SUPPORT,3.0833311475409837,5.089982950819672,42.5811968,0.6208235915610929,CRITICAL,SYNTHETIC_EXPLORATORY_NOT_OPENSEES
0.8,0.75,0.5,ARCH,3.0617088,4.746636288,38.7072,0.5847332155733334,CRITICAL,SYNTHETIC_EXPLORATORY_NOT_OPENSEES
0.8,0.75,0.5,DECK,2.39196,3.5366286000000007,30.334976000000005,0.43396862270000003,MODERATE,SYNTHETIC_EXPLORATORY_NOT_OPENSEES
0.8,0.75,0.5,SUPPORT,4.252373333333333,7.019845333333333,45.674496,0.7777514778666667,CRITICAL,SYNTHETIC_EXPLORATORY_NOT_OPENSEES
0.8,0.75,0.6,ARCH,3.9071573333333327,6.05735424,40.91904,0.7076578432,CRITICAL,SYNTHETIC_EXPLORATORY_NOT_OPENSEES
0.8,0.75,0.6,DECK,2.7515192488262907,4.068254347417841,31.691571200000002,0.49445244375737085,MODERATE,SYNTHETIC_EXPLORATORY_NOT_OPENSEES
0.8,0.75,0.6,SUPPORT,6.736478160919541,11.120621609195402,48.767795199999995,0.9679288081066667,PROBABLE_FAILURE,SYNTHETIC_EXPLORATORY_NOT_OPENSEES
0.8,0.9,0.0,ARCH,1.2150897777777778,1.88378112,27.648000000000003,0.20752185315555555,SAFE,SYNTHETIC_EXPLORATORY_NOT_OPENSEES
0.8,0.9,0.0,DECK,1.2150897777777778,1.7965690311111113,23.552000000000003,0.18797747271111115,SAFE,SYNTHETIC_EXPLORATORY_NOT_OPENSEES
0.8,0.9,0.0,SUPPORT,1.2150897777777778,2.005878044444444,30.208,0.2226096391111111,SAFE,SYNTHETIC_EXPLORATORY_NOT_OPENSEES
0.8,0.9,0.1,ARCH,1.3527940740740738,2.0972672,29.859840000000005,0.25832029906172843,SAFE,SYNTHETIC_EXPLORATORY_NOT_OPENSEES
0.8,0.9,0.1,DECK,1.3119770114942526,1.9398214942528738,24.908595200000004,0.22306154866222225,SAFE,SYNTHETIC_EXPLORATORY_NOT_OPENSEES
0.8,0.9,0.1,SUPPORT,1.3962324159021404,2.304909480122324,33.3012992,0.28999417596884813,SAFE,SYNTHETIC_EXPLORATORY_NOT_OPENSEES
0.8,0.9,0.2,ARCH,1.5309866666666663,2.3735231999999997,32.07168000000001,0.3133296764444445,SAFE,SYNTHETIC_EXPLORATORY_NOT_OPENSEES
0.8,0.9,0.2,DECK,1.430828660436137,2.115549408099689,26.2651904,0.260250936005649,SAFE,SYNTHETIC_EXPLORATORY_NOT_OPENSEES
0.8,0.9,0.2,SUPPORT,1.6462222222222223,2.7175942652329748,36.3945984,0.36501498239158897,SAFE,SYNTHETIC_EXPLORATORY_NOT_OPENSEES
0.8,0.9,0.3,ARCH,1.767019682539683,2.7394505142857146,34.28352,0.3743546702222223,SAFE,SYNTHETIC_EXPLORATORY_NOT_OPENSEES
0.8,0.9,0.3,DECK,1.5776961451247167,2.3327000907029483,27.621785600000006,0.30012566951274383,SAFE,SYNTHETIC_EXPLORATORY_NOT_OPENSEES
0.8,0.9,0.3,SUPPORT,2.0079769119769124,3.314781240981241,39.4878976,0.4524323303159596,MODERATE,SYNTHETIC_EXPLORATORY_NOT_OPENSEES
0.8,0.9,0.4,ARCH,2.0898133333333333,3.2398848,36.495360000000005,0.44440308859259264,MODERATE,SYNTHETIC_EXPLORATORY_NOT_OPENSEES
0.8,0.9,0.4,DECK,1.7610786516853931,2.6038400000000004,28.978380800000004,0.34350040476124843,SAFE,SYNTHETIC_EXPLORATORY_NOT_OPENSEES
0.8,0.9,0.4,SUPPORT,2.56944262295082,4.241652459016393,42.5811968,0.5620008753497997,MODERATE,SYNTHETIC_EXPLORATORY_NOT_OPENSEES
0.8,0.9,0.5,ARCH,2.551424,3.9555302400000003,38.7072,0.5288889863111111,MODERATE,SYNTHETIC_EXPLORATORY_NOT_OPENSEES
0.8,0.9,0.5,DECK,1.9932999999999996,2.9471905,30.334976000000005,0.39155639233888895,MODERATE,SYNTHETIC_EXPLORATORY_NOT_OPENSEES
0.8,0.9,0.5,SUPPORT,3.5436444444444444,5.849871111111111,45.674496,0.7173485610765432,CRITICAL,SYNTHETIC_EXPLORATORY_NOT_OPENSEES
0.8,0.9,0.6,ARCH,3.255964444444444,5.0477951999999995,40.91904,0.6386404728888889,CRITICAL,SYNTHETIC_EXPLORATORY_NOT_OPENSEES
0.8,0.9,0.6,DECK,2.292932707355242,3.390211956181534,31.691571200000002,0.44607382679336466,MODERATE,SYNTHETIC_EXPLORATORY_NOT_OPENSEES
0.8,0.9,0.6,SUPPORT,5.613731800766284,9.267184674329501,48.767795199999995,0.9197841567656705,PROBABLE_FAILURE,SYNTHETIC_EXPLORATORY_NOT_OPENSEES
0.8,1.05,0.0,ARCH,1.0415055238095239,1.6146695314285715,27.648000000000003,0.18814810270476193,SAFE,SYNTHETIC_EXPLORATORY_NOT_OPENSEES
0.8,1.05,0.0,DECK,1.0415055238095239,1.5399163123809525,23.552000000000003,0.16913322422857144,SAFE,SYNTHETIC_EXPLORATORY_NOT_OPENSEES
0.8,1.05,0.0,SUPPORT,1.0415055238095239,1.719324038095238,30.208,0.20249458590476188,SAFE,SYNTHETIC_EXPLORATORY_NOT_OPENSEES
0.8,1.05,0.1,ARCH,1.1595377777777776,1.7976576,29.859840000000005,0.23676854891005292,SAFE,SYNTHETIC_EXPLORATORY_NOT_OPENSEES
0.8,1.05,0.1,DECK,1.124551724137931,1.6627041379310348,24.908595200000004,0.20273178953523813,SAFE,SYNTHETIC_EXPLORATORY_NOT_OPENSEES
0.8,1.05,0.1,SUPPORT,1.1967706422018347,1.9756366972477062,33.3012992,0.26689858276948886,SAFE,SYNTHETIC_EXPLORATORY_NOT_OPENSEES
0.8,1.05,0.2,ARCH,1.3122742857142855,2.034448457142857,32.07168000000001,0.28899836495238096,SAFE,SYNTHETIC_EXPLORATORY_NOT_OPENSEES
0.8,1.05,0.2,DECK,1.2264245660881172,1.8133280640854474,26.2651904,0.23813490746388966,SAFE,SYNTHETIC_EXPLORATORY_NOT_OPENSEES
0.8,1.05,0.2,SUPPORT,1.4110476190476189,2.3293665130568355,36.3945984,0.33784795354707625,SAFE,SYNTHETIC_EXPLORATORY_NOT_OPENSEES
0.8,1.05,0.3,ARCH,1.5145882993197282,2.348100440816327,34.28352,0.34638442361904764,SAFE,SYNTHETIC_EXPLORATORY_NOT_OPENSEES
0.8,1.05,0.3,DECK,1.3523109815354715,1.999457220602527,27.621785600000006,0.27583975067568517,SAFE,SYNTHETIC_EXPLORATORY_NOT_OPENSEES
0.8,1.05,0.3,SUPPORT,1.7211230674087818,2.8412410636982064,39.4878976,0.41942293132606057,MODERATE,SYNTHETIC_EXPLORATORY_NOT_OPENSEES
0.8,1.05,0.4,ARCH,1.7912685714285714,2.7770441142857143,36.495360000000005,0.4115048462222223,MODERATE,SYNTHETIC_EXPLORATORY_NOT_OPENSEES
0.8,1.05,0.4,DECK,1.5094959871589084,2.231862857142857,28.978380800000004,0.3165445953801177,SAFE,SYNTHETIC_EXPLORATORY_NOT_OPENSEES
0.8,1.05,0.4,SUPPORT,2.2023793911007026,3.635702107728337,42.5811968,0.5199846494845902,MODERATE,SYNTHETIC_EXPLORATORY_NOT_OPENSEES
0.8,1.05,0.5,ARCH,2.186934857142857,3.3904544914285717,38.7072,0.48900025112380957,MODERATE,SYNTHETIC_EXPLORATORY_NOT_OPENSEES
0.8,1.05,0.5,DECK,1.708542857142857,2.526163285714286,30.334976000000005,0.3612619420809524,SAFE,SYNTHETIC_EXPLORATORY_NOT_OPENSEES
0.8,1.05,0.5,SUPPORT,3.0374095238095236,5.014175238095238,45.674496,0.65978563109418,CRITICAL,SYNTHETIC_EXPLORATORY_NOT_OPENSEES
0.8,1.05,0.6,ARCH,2.7908266666666663,4.3266816,40.91904,0.5881518750476191,CRITICAL,SYNTHETIC_EXPLORATORY_NOT_OPENSEES
0.8,1.05,0.6,DECK,1.9653708920187791,2.9058959624413148,31.691571200000002,0.41151767181907445,MODERATE,SYNTHETIC_EXPLORATORY_NOT_OPENSEES
0.8,1.05,0.6,SUPPORT,4.8117701149425285,7.943301149425287,48.767795199999995,0.8635191069572413,PROBABLE_FAILURE,SYNTHETIC_EXPLORATORY_NOT_OPENSEES
0.8,1.2,0.0,ARCH,0.9113173333333334,1.4128358400000003,27.648000000000003,0.1736177898666667,SAFE,SYNTHETIC_EXPLORATORY_NOT_OPENSEES
0.8,1.2,0.0,DECK,0.9113173333333334,1.3474267733333336,23.552000000000003,0.15500003786666672,SAFE,SYNTHETIC_EXPLORATORY_NOT_OPENSEES
0.8,1.2,0.0,SUPPORT,0.9113173333333334,1.5044085333333332,30.208,0.187408296,SAFE,SYNTHETIC_EXPLORATORY_NOT_OPENSEES
0.8,1.2,0.1,ARCH,1.0145955555555555,1.5729504,29.859840000000005,0.22060473629629632,SAFE,SYNTHETIC_EXPLORATORY_NOT_OPENSEES
0.8,1.2,0.1,DECK,0.9839827586206896,1.4548661206896556,24.908595200000004,0.18748447019000003,SAFE,SYNTHETIC_EXPLORATORY_NOT_OPENSEES
0.8,1.2,0.1,SUPPORT,1.0471743119266055,1.728682110091743,33.3012992,0.24957688786996943,SAFE,SYNTHETIC_EXPLORATORY_NOT_OPENSEES
0.8,1.2,0.2,ARCH,1.14824,1.7801424000000001,32.07168000000001,0.2707498813333334,SAFE,SYNTHETIC_EXPLORATORY_NOT_OPENSEES
0.8,1.2,0.2,DECK,1.0731214953271029,1.5866620560747666,26.2651904,0.22154788605757011,SAFE,SYNTHETIC_EXPLORATORY_NOT_OPENSEES
0.8,1.2,0.2,SUPPORT,1.2346666666666666,2.0381956989247314,36.3945984,0.31747268191369177,SAFE,SYNTHETIC_EXPLORATORY_NOT_OPENSEES
0.8,1.2,0.3,ARCH,1.3252647619047622,2.054587885714286,34.28352,0.3254067386666667,SAFE,SYNTHETIC_EXPLORATORY_NOT_OPENSEES
0.8,1.2,0.3,DECK,1.1832721088435376,1.7495250680272114,27.621785600000006,0.2576253115478912,SAFE,SYNTHETIC_EXPLORATORY_NOT_OPENSEES
0.8,1.2,0.3,SUPPORT,1.5059826839826842,2.486085930735931,39.4878976,0.39466588208363634,MODERATE,SYNTHETIC_EXPLORATORY_NOT_OPENSEES
0.8,1.2,0.4,ARCH,1.56736,2.4299136000000003,36.495360000000005,0.3868311644444445,MODERATE,SYNTHETIC_EXPLORATORY_NOT_OPENSEES
0.8,1.2,0.4,DECK,1.320808988764045,1.9528800000000004,28.978380800000004,0.29632773834426973,SAFE,SYNTHETIC_EXPLORATORY_NOT_OPENSEES
0.8,1.2,0.4,SUPPORT,1.9270819672131148,3.181239344262295,42.5811968,0.4884724800856831,MODERATE,SYNTHETIC_EXPLORATORY_NOT_OPENSEES
0.8,1.2,0.5,ARCH,1.913568,2.9666476800000003,38.7072,0.4590836997333334,MODERATE,SYNTHETIC_EXPLORATORY_NOT_OPENSEES
0.8,1.2,0.5,DECK,1.494975,2.210392875,30.334976000000005,0.3385411043875,SAFE,SYNTHETIC_EXPLORATORY_NOT_OPENSEES
0.8,1.2,0.5,SUPPORT,2.6577333333333333,4.387403333333333,45.674496,0.6166134336074074,CRITICAL,SYNTHETIC_EXPLORATORY_NOT_OPENSEES
0.8,1.2,0.6,ARCH,2.4419733333333333,3.7858464000000005,40.91904,0.5502854266666668,MODERATE,SYNTHETIC_EXPLORATORY_NOT_OPENSEES
0.8,1.2,0.6,DECK,1.7196995305164315,2.54265896713615,31.691571200000002,0.3856005555883568,MODERATE,SYNTHETIC_EXPLORATORY_NOT_OPENSEES
0.8,1.2,0.6,SUPPORT,4.210298850574713,6.950388505747126,48.767795199999995,0.8213203196009196,PROBABLE_FAILURE,SYNTHETIC_EXPLORATORY_NOT_OPENSEES
0.95,0.6,0.0,ARCH,2.2468386666666667,3.48332472,32.832,0.32332503393333334,SAFE,SYNTHETIC_EXPLORATORY_NOT_OPENSEES
0.95,0.6,0.0,DECK,2.2468386666666667,3.322059686666667,27.968,0.29766380335000003,SAFE,SYNTHETIC_EXPLORATORY_NOT_OPENSEES
0.95,0.6,0.0,SUPPORT,2.2468386666666667,3.7090957666666666,35.872,0.34467497008333337,SAFE,SYNTHETIC_EXPLORATORY_NOT_OPENSEES
0.95,0.6,0.1,ARCH,2.5012866666666667,3.8778012,35.458560000000006,0.38650557559259263,MODERATE,SYNTHETIC_EXPLORATORY_NOT_OPENSEES
0.95,0.6,0.1,DECK,2.425816810344828,3.586687532327586,29.578956800000004,0.3410450369919684,SAFE,SYNTHETIC_EXPLORATORY_NOT_OPENSEES
0.95,0.6,0.1,SUPPORT,2.5816032110091744,4.261727236238532,39.5452928,0.429157622268945,MODERATE,SYNTHETIC_EXPLORATORY_NOT_OPENSEES
0.95,0.6,0.2,ARCH,2.830145,4.3876377,38.08512,0.45690373291666664,MODERATE,SYNTHETIC_EXPLORATORY_NOT_OPENSEES
0.95,0.6,0.2,DECK,2.6449953271028037,3.9107535747663555,31.1899136,0.38804005110302187,MODERATE,SYNTHETIC_EXPLORATORY_NOT_OPENSEES
0.95,0.6,0.2,SUPPORT,3.0431666666666666,5.023679166666667,43.218585600000004,0.5267453973621148,MODERATE,SYNTHETIC_EXPLORATORY_NOT_OPENSEES
0.95,0.6,0.3,ARCH,3.26530380952381,5.062274228571429,40.71168,0.5376127697619049,MODERATE,SYNTHETIC_EXPLORATORY_NOT_OPENSEES
0.95,0.6,0.3,DECK,2.915449829931973,4.310633643707483,32.8008704,0.43964447907770404,MODERATE,SYNTHETIC_EXPLORATORY_NOT_OPENSEES
0.95,0.6,0.3,SUPPORT,3.7105725108225114,6.12543704004329,46.891878399999996,0.6456077226298919,CRITICAL,SYNTHETIC_EXPLORATORY_NOT_OPENSEES
0.95,0.6,0.4,ARCH,3.859913333333334,5.984110800000002,43.338240000000006,0.633788125888889,CRITICAL,SYNTHETIC_EXPLORATORY_NOT_OPENSEES
0.95,0.6,0.4,DECK,3.2527359550561803,4.8093275,34.4118272,0.49725668242520604,MODERATE,SYNTHETIC_EXPLORATORY_NOT_OPENSEES
0.95,0.6,0.4,SUPPORT,4.745795081967214,7.834389139344263,50.56517120000001,0.7967202003954647,PROBABLE_FAILURE,SYNTHETIC_EXPLORATORY_NOT_OPENSEES
0.95,0.6,0.5,ARCH,4.709644,7.30146744,45.9648,0.7530429262,CRITICAL,SYNTHETIC_EXPLORATORY_NOT_OPENSEES
0.95,0.6,0.5,DECK,3.6794093749999996,5.440184796874999,36.022784,0.5629042853338542,MODERATE,SYNTHETIC_EXPLORATORY_NOT_OPENSEES
0.95,0.6,0.5,SUPPORT,6.5411722222222215,10.798209305555556,54.238464,0.9545220608000001,PROBABLE_FAILURE,SYNTHETIC_EXPLORATORY_NOT_OPENSEES
0.95,0.6,0.6,ARCH,6.005836666666667,9.3109842,48.59136,0.8756034205000001,PROBABLE_FAILURE,SYNTHETIC_EXPLORATORY_NOT_OPENSEES
0.95,0.6,0.6,DECK,4.229462441314554,6.253464870892017,37.6337408,0.6396430031297182,CRITICAL,SYNTHETIC_EXPLORATORY_NOT_OPENSEES
0.95,0.6,0.6,SUPPORT,10.354890804597702,17.093920545977014,57.91175679999999,1.0,PROBABLE_FAILURE,SYNTHETIC_EXPLORATORY_NOT_OPENSEES
0.95,0.75,0.0,ARCH,1.7974709333333332,2.786659776,32.832,0.27705010714666667,SAFE,SYNTHETIC_EXPLORATORY_NOT_OPENSEES
0.95,0.75,0.0,DECK,1.7974709333333332,2.6576477493333335,27.968,0.2527596293466667,SAFE,SYNTHETIC_EXPLORATORY_NOT_OPENSEES
0.95,0.75,0.0,SUPPORT,1.7974709333333332,2.967276613333333,35.872,0.2964809894,SAFE,SYNTHETIC_EXPLORATORY_NOT_OPENSEES
0.95,0.75,0.1,ARCH,2.0010293333333333,3.10224096,35.458560000000006,0.3350257468740741,SAFE,SYNTHETIC_EXPLORATORY_NOT_OPENSEES
0.95,0.75,0.1,DECK,1.940653448275862,2.8693500258620683,29.578956800000004,0.2925984228522414,SAFE,SYNTHETIC_EXPLORATORY_NOT_OPENSEES
0.95,0.75,0.1,SUPPORT,2.0652825688073393,3.409381788990826,39.5452928,0.37381979091382267,SAFE,SYNTHETIC_EXPLORATORY_NOT_OPENSEES
0.95,0.75,0.2,ARCH,2.2641159999999996,3.510110159999999,38.08512,0.3987754791333333,MODERATE,SYNTHETIC_EXPLORATORY_NOT_OPENSEES
0.95,0.75,0.2,DECK,2.1159962616822425,3.128602859813084,31.1899136,0.3353282407330842,SAFE,SYNTHETIC_EXPLORATORY_NOT_OPENSEES
0.95,0.75,0.2,SUPPORT,2.434533333333333,4.018943333333333,43.218585600000004,0.4616426907536918,MODERATE,SYNTHETIC_EXPLORATORY_NOT_OPENSEES
0.95,0.75,0.3,ARCH,2.612243047619048,4.049819382857144,40.71168,0.47077391500952387,MODERATE,SYNTHETIC_EXPLORATORY_NOT_OPENSEES
0.95,0.75,0.3,DECK,2.332359863945578,3.4485069149659857,32.8008704,0.3817455897048299,MODERATE,SYNTHETIC_EXPLORATORY_NOT_OPENSEES
0.95,0.75,0.3,SUPPORT,2.968458008658009,4.900349632034632,46.891878399999996,0.5664852307332467,MODERATE,SYNTHETIC_EXPLORATORY_NOT_OPENSEES
0.95,0.75,0.4,ARCH,3.0879306666666673,4.787288640000002,43.338240000000006,0.5551454063111112,MODERATE,SYNTHETIC_EXPLORATORY_NOT_OPENSEES
0.95,0.75,0.4,DECK,2.602188764044944,3.8474619999999997,34.4118272,0.43296915897483146,MODERATE,SYNTHETIC_EXPLORATORY_NOT_OPENSEES
0.95,0.75,0.4,SUPPORT,3.796636065573771,6.267511311475411,50.56517120000001,0.7017399145689619,CRITICAL,SYNTHETIC_EXPLORATORY_NOT_OPENSEES
0.95,0.75,0.5,ARCH,3.7677151999999996,5.841173951999999,45.9648,0.6593137862933334,CRITICAL,SYNTHETIC_EXPLORATORY_NOT_OPENSEES
0.95,0.75,0.5,DECK,2.9435274999999996,4.3521478375,36.022784,0.49062104789374994,MODERATE,SYNTHETIC_EXPLORATORY_NOT_OPENSEES
0.95,0.75,0.5,SUPPORT,5.232937777777777,8.638567444444444,54.238464,0.8796611771888888,PROBABLE_FAILURE,SYNTHETIC_EXPLORATORY_NOT_OPENSEES
0.95,0.75,0.6,ARCH,4.804669333333333,7.448787359999999,48.59136,0.7964600548,PROBABLE_FAILURE,SYNTHETIC_EXPLORATORY_NOT_OPENSEES
0.95,0.75,0.6,DECK,3.383569953051643,5.002771896713614,37.6337408,0.5571458287224412,MODERATE,SYNTHETIC_EXPLORATORY_NOT_OPENSEES
0.95,0.75,0.6,SUPPORT,8.283912643678162,13.67513643678161,57.91175679999999,1.0,PROBABLE_FAILURE,SYNTHETIC_EXPLORATORY_NOT_OPENSEES
0.95,0.9,0.0,ARCH,1.4978924444444444,2.32221648,32.832,0.24620015595555556,SAFE,SYNTHETIC_EXPLORATORY_NOT_OPENSEES
0.95,0.9,0.0,DECK,1.4978924444444444,2.2147064577777775,27.968,0.22282351334444445,SAFE,SYNTHETIC_EXPLORATORY_NOT_OPENSEES
0.95,0.9,0.0,SUPPORT,1.4978924444444444,2.472730511111111,35.872,0.26435166894444445,SAFE,SYNTHETIC_EXPLORATORY_NOT_OPENSEES
0.95,0.9,0.1,ARCH,1.6675244444444444,2.5852008,35.458560000000006,0.3007058610617284,SAFE,SYNTHETIC_EXPLORATORY_NOT_OPENSEES
0.95,0.9,0.1,DECK,1.6172112068965516,2.3911250215517237,29.578956800000004,0.26030068009242335,SAFE,SYNTHETIC_EXPLORATORY_NOT_OPENSEES
0.95,0.9,0.1,SUPPORT,1.7210688073394496,2.841151490825688,39.5452928,0.3369279033437411,SAFE,SYNTHETIC_EXPLORATORY_NOT_OPENSEES
0.95,0.9,0.2,ARCH,1.886763333333333,2.9250917999999992,38.08512,0.3600233099444444,SAFE,SYNTHETIC_EXPLORATORY_NOT_OPENSEES
0.95,0.9,0.2,DECK,1.7633302180685357,2.607169049844237,31.1899136,0.30018703381979234,SAFE,SYNTHETIC_EXPLORATORY_NOT_OPENSEES
0.95,0.9,0.2,SUPPORT,2.0287777777777776,3.349119444444444,43.218585600000004,0.4182408863480765,MODERATE,SYNTHETIC_EXPLORATORY_NOT_OPENSEES
0.95,0.9,0.3,ARCH,2.1768692063492066,3.374849485714286,40.71168,0.42621467850793654,MODERATE,SYNTHETIC_EXPLORATORY_NOT_OPENSEES
0.95,0.9,0.3,DECK,1.9436332199546487,2.873755762471655,32.8008704,0.34314633012291385,SAFE,SYNTHETIC_EXPLORATORY_NOT_OPENSEES
0.95,0.9,0.3,SUPPORT,2.473715007215007,4.083624693362193,46.891878399999996,0.51373690280215,MODERATE,SYNTHETIC_EXPLORATORY_NOT_OPENSEES
0.95,0.9,0.4,ARCH,2.5732755555555555,3.9894072000000005,43.338240000000006,0.5027169265925926,MODERATE,SYNTHETIC_EXPLORATORY_NOT_OPENSEES
0.95,0.9,0.4,DECK,2.16849063670412,3.206218333333333,34.4118272,0.3901108100079151,MODERATE,SYNTHETIC_EXPLORATORY_NOT_OPENSEES
0.95,0.9,0.4,SUPPORT,3.1638633879781426,5.222926092896175,50.56517120000001,0.6345763724696905,CRITICAL,SYNTHETIC_EXPLORATORY_NOT_OPENSEES
0.95,0.9,0.5,ARCH,3.139762666666666,4.86764496,45.9648,0.5957165819111111,CRITICAL,SYNTHETIC_EXPLORATORY_NOT_OPENSEES
0.95,0.9,0.5,DECK,2.452939583333333,3.6267898645833325,36.022784,0.4424322229336805,MODERATE,SYNTHETIC_EXPLORATORY_NOT_OPENSEES
0.95,0.9,0.5,SUPPORT,4.360781481481481,7.198806203703703,54.238464,0.8077923121117284,PROBABLE_FAILURE,SYNTHETIC_EXPLORATORY_NOT_OPENSEES
0.95,0.9,0.6,ARCH,4.003891111111111,6.207322799999999,48.59136,0.7175866998888889,CRITICAL,SYNTHETIC_EXPLORATORY_NOT_OPENSEES
0.95,0.9,0.6,DECK,2.8196416275430356,4.168976580594678,37.6337408,0.5021477124509232,MODERATE,SYNTHETIC_EXPLORATORY_NOT_OPENSEES
0.95,0.9,0.6,SUPPORT,6.903260536398468,11.39594703065134,57.91175679999999,1.0,PROBABLE_FAILURE,SYNTHETIC_EXPLORATORY_NOT_OPENSEES
0.95,1.05,0.0,ARCH,1.2839078095238095,1.9904712685714283,32.832,0.2241644765333333,SAFE,SYNTHETIC_EXPLORATORY_NOT_OPENSEES
0.95,1.05,0.0,DECK,1.2839078095238095,1.8983198209523808,27.968,0.20144057334285712,SAFE,SYNTHETIC_EXPLORATORY_NOT_OPENSEES
0.95,1.05,0.0,SUPPORT,1.2839078095238095,2.119483295238095,35.872,0.2414021543333333,SAFE,SYNTHETIC_EXPLORATORY_NOT_OPENSEES
0.95,1.05,0.1,ARCH,1.4293066666666667,2.2158864,35.458560000000006,0.27619165691005293,SAFE,SYNTHETIC_EXPLORATORY_NOT_OPENSEES
0.95,1.05,0.1,DECK,1.3861810344827585,2.0495357327586206,29.578956800000004,0.23723086383541053,SAFE,SYNTHETIC_EXPLORATORY_NOT_OPENSEES
0.95,1.05,0.1,SUPPORT,1.4752018348623852,2.435272706422018,39.5452928,0.3105765550793971,SAFE,SYNTHETIC_EXPLORATORY_NOT_OPENSEES
0.95,1.05,0.2,ARCH,1.6172257142857138,2.5072215428571423,38.08512,0.3323431890952381,SAFE,SYNTHETIC_EXPLORATORY_NOT_OPENSEES
0.95,1.05,0.2,DECK,1.5114259012016018,2.234716328437917,31.1899136,0.2750861717388696,SAFE,SYNTHETIC_EXPLORATORY_NOT_OPENSEES
0.95,1.05,0.2,SUPPORT,1.7389523809523808,2.870673809523809,43.218585600000004,0.3872395974869227,MODERATE,SYNTHETIC_EXPLORATORY_NOT_OPENSEES
0.95,1.05,0.3,ARCH,1.8658878911564627,2.892728130612245,40.71168,0.3943866524353742,MODERATE,SYNTHETIC_EXPLORATORY_NOT_OPENSEES
0.95,1.05,0.3,DECK,1.6659713313896987,2.4632192249757043,32.8008704,0.3155754304215452,SAFE,SYNTHETIC_EXPLORATORY_NOT_OPENSEES
0.95,1.05,0.3,SUPPORT,2.120327149041435,3.5002497371675942,46.891878399999996,0.4760595257085095,MODERATE,SYNTHETIC_EXPLORATORY_NOT_OPENSEES
0.95,1.05,0.4,ARCH,2.205664761904762,3.4194918857142866,43.338240000000006,0.4652680125079366,MODERATE,SYNTHETIC_EXPLORATORY_NOT_OPENSEES
0.95,1.05,0.4,DECK,1.858706260032103,2.7481871428571427,34.4118272,0.35949770360297484,SAFE,SYNTHETIC_EXPLORATORY_NOT_OPENSEES
0.95,1.05,0.4,SUPPORT,2.711882903981265,4.476793793911008,50.56517120000001,0.5866024138273537,CRITICAL,SYNTHETIC_EXPLORATORY_NOT_OPENSEES
0.95,1.05,0.5,ARCH,2.6912251428571423,4.172267108571428,45.9648,0.5502900073523809,MODERATE,SYNTHETIC_EXPLORATORY_NOT_OPENSEES
0.95,1.05,0.5,DECK,2.1025196428571427,3.108677026785714,36.022784,0.4080116336764881,MODERATE,SYNTHETIC_EXPLORATORY_NOT_OPENSEES
0.95,1.05,0.5,SUPPORT,3.737812698412698,6.170405317460317,54.238464,0.7420394190671958,CRITICAL,SYNTHETIC_EXPLORATORY_NOT_OPENSEES
0.95,1.05,0.6,ARCH,3.4319066666666664,5.320562399999999,48.59136,0.6600581130476191,CRITICAL,SYNTHETIC_EXPLORATORY_NOT_OPENSEES
0.95,1.05,0.6,DECK,2.4168356807511735,3.5734084976525815,37.6337408,0.4628633436855532,MODERATE,SYNTHETIC_EXPLORATORY_NOT_OPENSEES
0.95,1.05,0.6,SUPPORT,5.917080459770116,9.76795459770115,57.91175679999999,0.9764235300289655,PROBABLE_FAILURE,SYNTHETIC_EXPLORATORY_NOT_OPENSEES
0.95,1.2,0.0,ARCH,1.1234193333333333,1.74166236,32.832,0.2076377169666667,SAFE,SYNTHETIC_EXPLORATORY_NOT_OPENSEES
0.95,1.2,0.0,DECK,1.1234193333333333,1.6610298433333335,27.968,0.18540336834166668,SAFE,SYNTHETIC_EXPLORATORY_NOT_OPENSEES
0.95,1.2,0.0,SUPPORT,1.1234193333333333,1.8545478833333333,35.872,0.224190018375,SAFE,SYNTHETIC_EXPLORATORY_NOT_OPENSEES
0.95,1.2,0.1,ARCH,1.2506433333333333,1.9389006,35.458560000000006,0.2578060037962963,SAFE,SYNTHETIC_EXPLORATORY_NOT_OPENSEES
0.95,1.2,0.1,DECK,1.212908405172414,1.793343766163793,29.578956800000004,0.21992850164265088,SAFE,SYNTHETIC_EXPLORATORY_NOT_OPENSEES
0.95,1.2,0.1,SUPPORT,1.2908016055045872,2.130863618119266,39.5452928,0.2908130438811392,SAFE,SYNTHETIC_EXPLORATORY_NOT_OPENSEES
0.95,1.2,0.2,ARCH,1.4150725,2.19381885,38.08512,0.3115830984583334,SAFE,SYNTHETIC_EXPLORATORY_NOT_OPENSEES
0.95,1.2,0.2,DECK,1.3224976635514019,1.9553767873831778,31.1899136,0.25626052517817755,SAFE,SYNTHETIC_EXPLORATORY_NOT_OPENSEES
0.95,1.2,0.2,SUPPORT,1.5215833333333333,2.5118395833333333,43.218585600000004,0.3639886308410574,SAFE,SYNTHETIC_EXPLORATORY_NOT_OPENSEES
0.95,1.2,0.3,ARCH,1.632651904761905,2.5311371142857144,40.71168,0.3705156328809524,SAFE,SYNTHETIC_EXPLORATORY_NOT_OPENSEES
0.95,1.2,0.3,DECK,1.4577249149659866,2.1553168218537415,32.8008704,0.29489725564551866,SAFE,SYNTHETIC_EXPLORATORY_NOT_OPENSEES
0.95,1.2,0.3,SUPPORT,1.8552862554112557,3.062718520021645,46.891878399999996,0.4478014928882792,MODERATE,SYNTHETIC_EXPLORATORY_NOT_OPENSEES
0.95,1.2,0.4,ARCH,1.929956666666667,2.992055400000001,43.338240000000006,0.4371813269444445,MODERATE,SYNTHETIC_EXPLORATORY_NOT_OPENSEES
0.95,1.2,0.4,DECK,1.6263679775280901,2.40466375,34.4118272,0.3365378737992697,SAFE,SYNTHETIC_EXPLORATORY_NOT_OPENSEES
0.95,1.2,0.4,SUPPORT,2.372897540983607,3.9171945696721315,50.56517120000001,0.5506219448456011,MODERATE,SYNTHETIC_EXPLORATORY_NOT_OPENSEES
0.95,1.2,0.5,ARCH,2.354822,3.65073372,45.9648,0.5162200764333333,MODERATE,SYNTHETIC_EXPLORATORY_NOT_OPENSEES
0.95,1.2,0.5,DECK,1.8397046874999998,2.7200923984374996,36.022784,0.3821961917335937,MODERATE,SYNTHETIC_EXPLORATORY_NOT_OPENSEES
0.95,1.2,0.5,SUPPORT,3.2705861111111107,5.399104652777778,54.238464,0.6927247492837963,CRITICAL,SYNTHETIC_EXPLORATORY_NOT_OPENSEES
0.95,1.2,0.6,ARCH,3.0029183333333336,4.6554921,48.59136,0.6169116729166667,CRITICAL,SYNTHETIC_EXPLORATORY_NOT_OPENSEES
0.95,1.2,0.6,DECK,2.114731220657277,3.1267324354460087,37.6337408,0.4334000671115258,MODERATE,SYNTHETIC_EXPLORATORY_NOT_OPENSEES
0.95,1.2,0.6,SUPPORT,5.177445402298851,8.546960272988507,57.91175679999999,0.9245312712286782,PROBABLE_FAILURE,SYNTHETIC_EXPLORATORY_NOT_OPENSEES
1.1,0.6,0.0,ARCH,2.713450666666667,4.206723840000001,38.016000000000005,0.3741142965333334,SAFE,SYNTHETIC_EXPLORATORY_NOT_OPENSEES
1.1,0.6,0.0,DECK,2.713450666666667,4.011968106666667,32.38400000000001,0.3440601112,SAFE,SYNTHETIC_EXPLORATORY_NOT_OPENSEES
1.1,0.6,0.0,SUPPORT,2.713450666666667,4.4793818666666665,41.536,0.3993129293333334,MODERATE,SYNTHETIC_EXPLORATORY_NOT_OPENSEES
1.1,0.6,0.1,ARCH,3.020502222222222,4.682752800000001,41.057280000000006,0.4423644025925927,MODERATE,SYNTHETIC_EXPLORATORY_NOT_OPENSEES
1.1,0.6,0.1,DECK,2.9293663793103453,4.331209935344829,34.249318400000014,0.39074597064020133,MODERATE,SYNTHETIC_EXPLORATORY_NOT_OPENSEES
1.1,0.6,0.1,SUPPORT,3.1174908256880736,5.146373967889908,45.7892864,0.4908985502841285,MODERATE,SYNTHETIC_EXPLORATORY_NOT_OPENSEES
1.1,0.6,0.2,ARCH,3.41682,5.297173200000001,44.09856000000001,0.5188109596666668,MODERATE,SYNTHETIC_EXPLORATORY_NOT_OPENSEES
1.1,0.6,0.2,DECK,3.1932897196261685,4.721433364485982,36.11463680000001,0.441536205206106,MODERATE,SYNTHETIC_EXPLORATORY_NOT_OPENSEES
1.1,0.6,0.2,SUPPORT,3.6740000000000004,6.065062903225806,50.0425728,0.5973902900058783,CRITICAL,SYNTHETIC_EXPLORATORY_NOT_OPENSEES
1.1,0.6,0.3,ARCH,3.940660952380953,6.109295657142859,47.13984000000001,0.6069667324761905,CRITICAL,SYNTHETIC_EXPLORATORY_NOT_OPENSEES
1.1,0.6,0.3,DECK,3.5184472789115655,5.20219454931973,37.97995520000001,0.4975616121262246,MODERATE,SYNTHETIC_EXPLORATORY_NOT_OPENSEES
1.1,0.6,0.3,SUPPORT,4.47802380952381,7.392350595238097,54.295859199999995,0.728080274485671,CRITICAL,SYNTHETIC_EXPLORATORY_NOT_OPENSEES
1.1,0.6,0.4,ARCH,4.655786666666668,7.217971200000003,50.18112000000001,0.712686328888889,CRITICAL,SYNTHETIC_EXPLORATORY_NOT_OPENSEES
1.1,0.6,0.4,DECK,3.9234157303370796,5.800960000000003,39.845273600000006,0.5604103897552062,MODERATE,SYNTHETIC_EXPLORATORY_NOT_OPENSEES
1.1,0.6,0.4,SUPPORT,5.72432786885246,9.449757377049181,58.54914560000001,0.8962447181779236,PROBABLE_FAILURE,SYNTHETIC_EXPLORATORY_NOT_OPENSEES
1.1,0.6,0.5,ARCH,5.6769680000000005,8.801131680000001,53.22240000000001,0.8448413764000001,PROBABLE_FAILURE,SYNTHETIC_EXPLORATORY_NOT_OPENSEES
1.1,0.6,0.5,DECK,4.4351312499999995,6.55755615625,41.71059200000001,0.6323854257072918,CRITICAL,SYNTHETIC_EXPLORATORY_NOT_OPENSEES
1.1,0.6,0.5,SUPPORT,7.884677777777778,13.016076944444444,62.802432,0.9876360704000001,PROBABLE_FAILURE,SYNTHETIC_EXPLORATORY_NOT_OPENSEES
1.1,0.6,0.6,ARCH,7.233746666666667,11.214640800000003,56.26368000000001,0.9515528960000001,PROBABLE_FAILURE,SYNTHETIC_EXPLORATORY_NOT_OPENSEES
1.1,0.6,0.6,DECK,5.0941877934272295,7.532003145539907,43.575910400000005,0.7169572689222536,CRITICAL,SYNTHETIC_EXPLORATORY_NOT_OPENSEES
1.1,0.6,0.6,SUPPORT,12.471977011494253,20.588820114942532,67.05571839999999,1.0,PROBABLE_FAILURE,SYNTHETIC_EXPLORATORY_NOT_OPENSEES
1.1,0.75,0.0,ARCH,2.1707605333333335,3.365379072000001,38.016000000000005,0.3216904772266667,SAFE,SYNTHETIC_EXPLORATORY_NOT_OPENSEES
1.1,0.75,0.0,DECK,2.1707605333333335,3.209574485333334,32.38400000000001,0.2932917156266667,SAFE,SYNTHETIC_EXPLORATORY_NOT_OPENSEES
1.1,0.75,0.0,SUPPORT,2.1707605333333335,3.5835054933333335,41.536,0.34457151680000003,SAFE,SYNTHETIC_EXPLORATORY_NOT_OPENSEES
1.1,0.75,0.1,ARCH,2.4164017777777778,3.7462022400000006,41.057280000000006,0.3840424852740742,MODERATE,SYNTHETIC_EXPLORATORY_NOT_OPENSEES
1.1,0.75,0.1,DECK,2.3434931034482758,3.4649679482758624,34.249318400000014,0.3359709160748277,SAFE,SYNTHETIC_EXPLORATORY_NOT_OPENSEES
1.1,0.75,0.1,SUPPORT,2.4939926605504588,4.117099174311926,45.7892864,0.4280412217099695,MODERATE,SYNTHETIC_EXPLORATORY_NOT_OPENSEES
1.1,0.75,0.2,ARCH,2.7334559999999994,4.23773856,44.09856000000001,0.45295165413333344,MODERATE,SYNTHETIC_EXPLORATORY_NOT_OPENSEES
1.1,0.75,0.2,DECK,2.5546317757009347,3.7771466915887855,36.11463680000001,0.3819336166235514,MODERATE,SYNTHETIC_EXPLORATORY_NOT_OPENSEES
1.1,0.75,0.2,SUPPORT,2.9391999999999996,4.852050322580644,50.0425728,0.5234358216367025,MODERATE,SYNTHETIC_EXPLORATORY_NOT_OPENSEES
1.1,0.75,0.3,ARCH,3.152528761904763,4.887436525714287,47.13984000000001,0.5312281955809525,MODERATE,SYNTHETIC_EXPLORATORY_NOT_OPENSEES
1.1,0.75,0.3,DECK,2.8147578231292516,4.161755639455783,37.97995520000001,0.4320844550556463,MODERATE,SYNTHETIC_EXPLORATORY_NOT_OPENSEES
1.1,0.75,0.3,SUPPORT,3.5824190476190485,5.913880476190477,54.295859199999995,0.6381890173698701,CRITICAL,SYNTHETIC_EXPLORATORY_NOT_OPENSEES
1.1,0.75,0.4,ARCH,3.7246293333333345,5.774376960000002,50.18112000000001,0.6235557959111112,CRITICAL,SYNTHETIC_EXPLORATORY_NOT_OPENSEES
1.1,0.75,0.4,DECK,3.1387325842696634,4.640768000000001,39.845273600000006,0.4876939900548316,MODERATE,SYNTHETIC_EXPLORATORY_NOT_OPENSEES
1.1,0.75,0.4,SUPPORT,4.579462295081968,7.559805901639345,58.54914560000001,0.7875338023309292,PROBABLE_FAILURE,SYNTHETIC_EXPLORATORY_NOT_OPENSEES
1.1,0.75,0.5,ARCH,4.5415744,7.040905344000001,53.22240000000001,0.7383650904533334,CRITICAL,SYNTHETIC_EXPLORATORY_NOT_OPENSEES
1.1,0.75,0.5,DECK,3.548105,5.2460449250000005,41.71059200000001,0.5506045317125001,MODERATE,SYNTHETIC_EXPLORATORY_NOT_OPENSEES
1.1,0.75,0.5,SUPPORT,6.307742222222222,10.412861555555555,62.802432,0.9876360704000001,PROBABLE_FAILURE,SYNTHETIC_EXPLORATORY_NOT_OPENSEES
1.1,0.75,0.6,ARCH,5.786997333333332,8.971712640000002,56.26368000000001,0.8908506832000002,PROBABLE_FAILURE,SYNTHETIC_EXPLORATORY_NOT_OPENSEES
1.1,0.75,0.6,DECK,4.075350234741784,6.025602516431925,43.575910400000005,0.6235925191804695,CRITICAL,SYNTHETIC_EXPLORATORY_NOT_OPENSEES
1.1,0.75,0.6,SUPPORT,9.977581609195402,16.471056091954026,67.05571839999999,1.0,PROBABLE_FAILURE,SYNTHETIC_EXPLORATORY_NOT_OPENSEES
1.1,0.9,0.0,ARCH,1.8089671111111112,2.8044825600000007,38.016000000000005,0.2867412643555556,SAFE,SYNTHETIC_EXPLORATORY_NOT_OPENSEES
1.1,0.9,0.0,DECK,1.8089671111111112,2.6746454044444445,32.38400000000001,0.2594461185777778,SAFE,SYNTHETIC_EXPLORATORY_NOT_OPENSEES
1.1,0.9,0.0,SUPPORT,1.8089671111111112,2.986254577777778,41.536,0.3080772417777778,SAFE,SYNTHETIC_EXPLORATORY_NOT_OPENSEES
1.1,0.9,0.1,ARCH,2.013668148148148,3.1218352000000005,41.057280000000006,0.3451612070617285,SAFE,SYNTHETIC_EXPLORATORY_NOT_OPENSEES
1.1,0.9,0.1,DECK,1.9529109195402299,2.8874732902298854,34.249318400000014,0.2994542130312453,SAFE,SYNTHETIC_EXPLORATORY_NOT_OPENSEES
1.1,0.9,0.1,SUPPORT,2.0783272171253824,3.430915978593272,45.7892864,0.38613633599386343,MODERATE,SYNTHETIC_EXPLORATORY_NOT_OPENSEES
1.1,0.9,0.2,ARCH,2.2778799999999997,3.5314488000000006,44.09856000000001,0.4090454504444445,MODERATE,SYNTHETIC_EXPLORATORY_NOT_OPENSEES
1.1,0.9,0.2,DECK,2.1288598130841123,3.147622242990655,36.11463680000001,0.34219855756851514,SAFE,SYNTHETIC_EXPLORATORY_NOT_OPENSEES
1.1,0.9,0.2,SUPPORT,2.4493333333333336,4.043375268817204,50.0425728,0.4741328427239188,MODERATE,SYNTHETIC_EXPLORATORY_NOT_OPENSEES
1.1,0.9,0.3,ARCH,2.627107301587302,4.0728637714285725,47.13984000000001,0.48073583765079375,MODERATE,SYNTHETIC_EXPLORATORY_NOT_OPENSEES
1.1,0.9,0.3,DECK,2.345631519274377,3.468129699546486,37.97995520000001,0.3884330170085942,MODERATE,SYNTHETIC_EXPLORATORY_NOT_OPENSEES
1.1,0.9,0.3,SUPPORT,2.985349206349207,4.9282337301587305,54.295859199999995,0.5782615126260029,MODERATE,SYNTHETIC_EXPLORATORY_NOT_OPENSEES
1.1,0.9,0.4,ARCH,3.1038577777777783,4.8119808000000015,50.18112000000001,0.5641354405925927,MODERATE,SYNTHETIC_EXPLORATORY_NOT_OPENSEES
1.1,0.9,0.4,DECK,2.615610486891386,3.867306666666668,39.845273600000006,0.4392163902545818,MODERATE,SYNTHETIC_EXPLORATORY_NOT_OPENSEES
1.1,0.9,0.4,SUPPORT,3.8162185792349734,6.299838251366121,58.54914560000001,0.7112165068846632,CRITICAL,SYNTHETIC_EXPLORATORY_NOT_OPENSEES
1.1,0.9,0.5,ARCH,3.784645333333333,5.86742112,53.22240000000001,0.6662697887111112,CRITICAL,SYNTHETIC_EXPLORATORY_NOT_OPENSEES
1.1,0.9,0.5,DECK,2.9567541666666664,4.371704104166667,41.71059200000001,0.49608393571597226,MODERATE,SYNTHETIC_EXPLORATORY_NOT_OPENSEES
1.1,0.9,0.5,SUPPORT,5.2564518518518515,8.677384629629628,62.802432,0.9037459048135802,PROBABLE_FAILURE,SYNTHETIC_EXPLORATORY_NOT_OPENSEES
1.1,0.9,0.6,ARCH,4.822497777777777,7.476427200000002,56.26368000000001,0.8011899408888891,PROBABLE_FAILURE,SYNTHETIC_EXPLORATORY_NOT_OPENSEES
1.1,0.9,0.6,DECK,3.3961251956181524,5.021335430359938,43.575910400000005,0.5613493526859468,MODERATE,SYNTHETIC_EXPLORATORY_NOT_OPENSEES
1.1,0.9,0.6,SUPPORT,8.31465134099617,13.725880076628354,67.05571839999999,1.0,PROBABLE_FAILURE,SYNTHETIC_EXPLORATORY_NOT_OPENSEES
1.1,1.05,0.0,ARCH,1.5505432380952382,2.4038421942857147,38.016000000000005,0.26177754087619054,SAFE,SYNTHETIC_EXPLORATORY_NOT_OPENSEES
1.1,1.05,0.0,DECK,1.5505432380952382,2.292553203809524,32.38400000000001,0.23527069211428572,SAFE,SYNTHETIC_EXPLORATORY_NOT_OPENSEES
1.1,1.05,0.0,SUPPORT,1.5505432380952382,2.559646780952381,41.536,0.2820099024761905,SAFE,SYNTHETIC_EXPLORATORY_NOT_OPENSEES
1.1,1.05,0.1,ARCH,1.72600126984127,2.675858742857143,41.057280000000006,0.31738886548148154,SAFE,SYNTHETIC_EXPLORATORY_NOT_OPENSEES
1.1,1.05,0.1,DECK,1.673923645320197,2.4749771059113304,34.249318400000014,0.27337085371440073,SAFE,SYNTHETIC_EXPLORATORY_NOT_OPENSEES
1.1,1.05,0.1,SUPPORT,1.7814233289646133,2.9407851245085186,45.7892864,0.35620427476807337,SAFE,SYNTHETIC_EXPLORATORY_NOT_OPENSEES
1.1,1.05,0.2,ARCH,1.9524685714285712,3.026956114285715,44.09856000000001,0.3776838763809524,SAFE,SYNTHETIC_EXPLORATORY_NOT_OPENSEES
1.1,1.05,0.2,DECK,1.8247369826435247,2.697961922563418,36.11463680000001,0.31381637252920347,SAFE,SYNTHETIC_EXPLORATORY_NOT_OPENSEES
1.1,1.05,0.2,SUPPORT,2.0994285714285716,3.4657502304147463,50.0425728,0.4389164292147875,MODERATE,SYNTHETIC_EXPLORATORY_NOT_OPENSEES
1.1,1.05,0.3,ARCH,2.2518062585034015,3.4910260897959193,47.13984000000001,0.4446698677006803,MODERATE,SYNTHETIC_EXPLORATORY_NOT_OPENSEES
1.1,1.05,0.3,DECK,2.01054130223518,2.972682599611274,37.97995520000001,0.3572534184035569,SAFE,SYNTHETIC_EXPLORATORY_NOT_OPENSEES
1.1,1.05,0.3,SUPPORT,2.55887074829932,4.224200340136054,54.295859199999995,0.5354561520946691,MODERATE,SYNTHETIC_EXPLORATORY_NOT_OPENSEES
1.1,1.05,0.4,ARCH,2.6604495238095245,4.124554971428573,50.18112000000001,0.5216923296507937,MODERATE,SYNTHETIC_EXPLORATORY_NOT_OPENSEES
1.1,1.05,0.4,DECK,2.2419518459069026,3.3148342857142867,39.845273600000006,0.40458953325440344,MODERATE,SYNTHETIC_EXPLORATORY_NOT_OPENSEES
1.1,1.05,0.4,SUPPORT,3.27104449648712,5.399861358313818,58.54914560000001,0.6567041529944732,CRITICAL,SYNTHETIC_EXPLORATORY_NOT_OPENSEES
1.1,1.05,0.5,ARCH,3.2439817142857144,5.029218102857143,53.22240000000001,0.6147731446095238,CRITICAL,SYNTHETIC_EXPLORATORY_NOT_OPENSEES
1.1,1.05,0.5,DECK,2.534360714285714,3.7471749464285713,41.71059200000001,0.45714065286130956,MODERATE,SYNTHETIC_EXPLORATORY_NOT_OPENSEES
1.1,1.05,0.5,SUPPORT,4.505530158730159,7.437758253968254,62.802432,0.8290159284687831,PROBABLE_FAILURE,SYNTHETIC_EXPLORATORY_NOT_OPENSEES
1.1,1.05,0.6,ARCH,4.133569523809523,6.408366171428573,56.26368000000001,0.7359560773333335,CRITICAL,SYNTHETIC_EXPLORATORY_NOT_OPENSEES
1.1,1.05,0.6,DECK,2.9109644533869883,4.304001797451376,43.575910400000005,0.5168899480470021,MODERATE,SYNTHETIC_EXPLORATORY_NOT_OPENSEES
1.1,1.05,0.6,SUPPORT,7.126844006568144,11.765040065681447,67.05571839999999,1.0,PROBABLE_FAILURE,SYNTHETIC_EXPLORATORY_NOT_OPENSEES
1.1,1.2,0.0,ARCH,1.3567253333333336,2.1033619200000007,38.016000000000005,0.24305474826666673,SAFE,SYNTHETIC_EXPLORATORY_NOT_OPENSEES
1.1,1.2,0.0,DECK,1.3567253333333336,2.0059840533333335,32.38400000000001,0.2171391222666667,SAFE,SYNTHETIC_EXPLORATORY_NOT_OPENSEES
1.1,1.2,0.0,SUPPORT,1.3567253333333336,2.2396909333333332,41.536,0.262459398,SAFE,SYNTHETIC_EXPLORATORY_NOT_OPENSEES
1.1,1.2,0.1,ARCH,1.510251111111111,2.3413764000000006,41.057280000000006,0.2965596092962964,SAFE,SYNTHETIC_EXPLORATORY_NOT_OPENSEES
1.1,1.2,0.1,DECK,1.4646831896551726,2.1656049676724143,34.249318400000014,0.25380833422676735,SAFE,SYNTHETIC_EXPLORATORY_NOT_OPENSEES
1.1,1.2,0.1,SUPPORT,1.5587454128440368,2.573186983944954,45.7892864,0.33375522884873093,SAFE,SYNTHETIC_EXPLORATORY_NOT_OPENSEES
1.1,1.2,0.2,ARCH,1.70841,2.6485866000000007,44.09856000000001,0.35416269583333343,SAFE,SYNTHETIC_EXPLORATORY_NOT_OPENSEES
1.1,1.2,0.2,DECK,1.5966448598130842,2.360716682242991,36.11463680000001,0.2925297337497197,SAFE,SYNTHETIC_EXPLORATORY_NOT_OPENSEES
1.1,1.2,0.2,SUPPORT,1.8370000000000002,3.032531451612903,50.0425728,0.41250411908293916,MODERATE,SYNTHETIC_EXPLORATORY_NOT_OPENSEES
1.1,1.2,0.3,ARCH,1.9703304761904765,3.0546478285714294,47.13984000000001,0.4176203902380953,MODERATE,SYNTHETIC_EXPLORATORY_NOT_OPENSEES
1.1,1.2,0.3,DECK,1.7592236394557828,2.601097274659865,37.97995520000001,0.333868719449779,SAFE,SYNTHETIC_EXPLORATORY_NOT_OPENSEES
1.1,1.2,0.3,SUPPORT,2.239011904761905,3.6961752976190483,54.295859199999995,0.5033521316961689,MODERATE,SYNTHETIC_EXPLORATORY_NOT_OPENSEES
1.1,1.2,0.4,ARCH,2.327893333333334,3.6089856000000013,50.18112000000001,0.4898599964444445,MODERATE,SYNTHETIC_EXPLORATORY_NOT_OPENSEES
1.1,1.2,0.4,DECK,1.9617078651685398,2.9004800000000013,39.845273600000006,0.37861939050426974,SAFE,SYNTHETIC_EXPLORATORY_NOT_OPENSEES
1.1,1.2,0.4,SUPPORT,2.86216393442623,4.724878688524591,58.54914560000001,0.6158198875768307,CRITICAL,SYNTHETIC_EXPLORATORY_NOT_OPENSEES
1.1,1.2,0.5,ARCH,2.8384840000000002,4.4005658400000005,53.22240000000001,0.5761506615333334,MODERATE,SYNTHETIC_EXPLORATORY_NOT_OPENSEES
1.1,1.2,0.5,DECK,2.2175656249999998,3.278778078125,41.71059200000001,0.42793319072031255,MODERATE,SYNTHETIC_EXPLORATORY_NOT_OPENSEES
1.1,1.2,0.5,SUPPORT,3.942338888888889,6.508038472222222,62.802432,0.7729684462101853,CRITICAL,SYNTHETIC_EXPLORATORY_NOT_OPENSEES
1.1,1.2,0.6,ARCH,3.6168733333333334,5.607320400000002,56.26368000000001,0.6870306796666669,CRITICAL,SYNTHETIC_EXPLORATORY_NOT_OPENSEES
1.1,1.2,0.6,DECK,2.5470938967136147,3.7660015727699534,43.575910400000005,0.48354539456779344,MODERATE,SYNTHETIC_EXPLORATORY_NOT_OPENSEES
1.1,1.2,0.6,SUPPORT,6.235988505747127,10.294410057471266,67.05571839999999,1.0,PROBABLE_FAILURE,SYNTHETIC_EXPLORATORY_NOT_OPENSEES
1.25,0.6,0.0,ARCH,3.229166666666667,5.006250000000001,43.2,0.42813895833333343,MODERATE,SYNTHETIC_EXPLORATORY_NOT_OPENSEES
1.25,0.6,0.0,DECK,3.229166666666667,4.774479166666667,36.800000000000004,0.39354203125000004,MODERATE,SYNTHETIC_EXPLORATORY_NOT_OPENSEES
1.25,0.6,0.0,SUPPORT,3.229166666666667,5.330729166666667,47.199999999999996,0.4573959895833334,MODERATE,SYNTHETIC_EXPLORATORY_NOT_OPENSEES
1.25,0.6,0.1,ARCH,3.5942777777777777,5.572290000000001,46.656000000000006,0.5018181175925926,MODERATE,SYNTHETIC_EXPLORATORY_NOT_OPENSEES
1.25,0.6,0.1,DECK,3.4858297413793107,5.153967941810345,38.91968000000001,0.4437719174349857,MODERATE,SYNTHETIC_EXPLORATORY_NOT_OPENSEES
1.25,0.6,0.1,SUPPORT,3.7096903669724774,6.123980791284404,52.03328,0.5565902821983945,MODERATE,SYNTHETIC_EXPLORATORY_NOT_OPENSEES
1.25,0.6,0.2,ARCH,4.064875,6.301867500000001,50.11200000000001,0.5847624354166668,CRITICAL,SYNTHETIC_EXPLORATORY_NOT_OPENSEES
1.25,0.6,0.2,DECK,3.798948598130841,5.616929322429907,41.03936,0.4986370464587228,MODERATE,SYNTHETIC_EXPLORATORY_NOT_OPENSEES
1.25,0.6,0.2,SUPPORT,4.370833333333334,7.215399865591397,56.86656,0.6726656947464158,CRITICAL,SYNTHETIC_EXPLORATORY_NOT_OPENSEES
1.25,0.6,0.3,ARCH,4.686166666666667,7.2650700000000015,53.568000000000005,0.6809426940476191,CRITICAL,SYNTHETIC_EXPLORATORY_NOT_OPENSEES
1.25,0.6,0.3,DECK,4.184077380952381,6.1863608630952385,43.159040000000005,0.5594144750216837,MODERATE,SYNTHETIC_EXPLORATORY_NOT_OPENSEES
1.25,0.6,0.3,SUPPORT,5.325189393939395,8.790857007575758,61.69983999999999,0.8161455227700216,PROBABLE_FAILURE,SYNTHETIC_EXPLORATORY_NOT_OPENSEES
1.25,0.6,0.4,ARCH,5.533500000000001,8.578710000000003,57.02400000000001,0.7969768638888891,PROBABLE_FAILURE,SYNTHETIC_EXPLORATORY_NOT_OPENSEES
1.25,0.6,0.4,DECK,4.6630617977528095,6.894562500000001,45.27872,0.6278978220852061,CRITICAL,SYNTHETIC_EXPLORATORY_NOT_OPENSEES
1.25,0.6,0.4,SUPPORT,6.803483606557378,11.231234631147542,66.53312,0.9675013973333334,PROBABLE_FAILURE,SYNTHETIC_EXPLORATORY_NOT_OPENSEES
1.25,0.6,0.5,ARCH,6.7425,10.453050000000003,60.48,0.940856,PROBABLE_FAILURE,SYNTHETIC_EXPLORATORY_NOT_OPENSEES
1.25,0.6,0.5,DECK,5.267578124999999,7.788369140625,47.39840000000001,0.7066878351432293,CRITICAL,SYNTHETIC_EXPLORATORY_NOT_OPENSEES
1.25,0.6,0.5,SUPPORT,9.364583333333332,15.459114583333333,71.3664,1.0,PROBABLE_FAILURE,SYNTHETIC_EXPLORATORY_NOT_OPENSEES
1.25,0.6,0.6,ARCH,8.584416666666668,13.308615000000001,63.936,0.9812192000000001,PROBABLE_FAILURE,SYNTHETIC_EXPLORATORY_NOT_OPENSEES
1.25,0.6,0.6,DECK,6.045363849765257,8.938362969483565,49.518080000000005,0.7997039505598591,PROBABLE_FAILURE,SYNTHETIC_EXPLORATORY_NOT_OPENSEES
1.25,0.6,0.6,SUPPORT,14.8007183908046,24.433121408045977,76.19967999999999,1.0,PROBABLE_FAILURE,SYNTHETIC_EXPLORATORY_NOT_OPENSEES
1.25,0.75,0.0,ARCH,2.5833333333333335,4.005000000000001,43.2,0.36891916666666674,SAFE,SYNTHETIC_EXPLORATORY_NOT_OPENSEES
1.25,0.75,0.0,DECK,2.5833333333333335,3.8195833333333336,36.800000000000004,0.3362922916666667,SAFE,SYNTHETIC_EXPLORATORY_NOT_OPENSEES
1.25,0.75,0.0,SUPPORT,2.5833333333333335,4.264583333333333,47.199999999999996,0.395418125,MODERATE,SYNTHETIC_EXPLORATORY_NOT_OPENSEES
1.25,0.75,0.1,ARCH,2.8754222222222223,4.457832000000001,46.656000000000006,0.4359351340740742,MODERATE,SYNTHETIC_EXPLORATORY_NOT_OPENSEES
1.25,0.75,0.1,DECK,2.7886637931034484,4.123174353448276,38.91968000000001,0.38200341981465524,MODERATE,SYNTHETIC_EXPLORATORY_NOT_OPENSEES
1.25,0.75,0.1,SUPPORT,2.967752293577982,4.899184633027523,52.03328,0.4854232956253822,MODERATE,SYNTHETIC_EXPLORATORY_NOT_OPENSEES
1.25,0.75,0.2,ARCH,3.251899999999999,5.041493999999999,50.11200000000001,0.5103632283333333,MODERATE,SYNTHETIC_EXPLORATORY_NOT_OPENSEES
1.25,0.75,0.2,DECK,3.0391588785046726,4.493543457943924,41.03936,0.43142274223364485,MODERATE,SYNTHETIC_EXPLORATORY_NOT_OPENSEES
1.25,0.75,0.2,SUPPORT,3.496666666666666,5.772319892473117,56.86656,0.5889333621971325,CRITICAL,SYNTHETIC_EXPLORATORY_NOT_OPENSEES
1.25,0.75,0.3,ARCH,3.7489333333333343,5.812056000000002,53.568000000000005,0.5953800752380953,CRITICAL,SYNTHETIC_EXPLORATORY_NOT_OPENSEES
1.25,0.75,0.3,DECK,3.3472619047619045,4.94908869047619,43.159040000000005,0.4855719042840136,MODERATE,SYNTHETIC_EXPLORATORY_NOT_OPENSEES
1.25,0.75,0.3,SUPPORT,4.260151515151516,7.032685606060606,61.69983999999999,0.7143669611493505,CRITICAL,SYNTHETIC_EXPLORATORY_NOT_OPENSEES
1.25,0.75,0.4,ARCH,4.426800000000001,6.862968000000003,57.02400000000001,0.6962800511111112,CRITICAL,SYNTHETIC_EXPLORATORY_NOT_OPENSEES
1.25,0.75,0.4,DECK,3.7304494382022475,5.51565,45.27872,0.5458858011348314,MODERATE,SYNTHETIC_EXPLORATORY_NOT_OPENSEES
1.25,0.75,0.4,SUPPORT,5.442786885245902,8.984987704918034,66.53312,0.8789753966502732,PROBABLE_FAILURE,SYNTHETIC_EXPLORATORY_NOT_OPENSEES
1.25,0.75,0.5,ARCH,5.393999999999999,8.362440000000001,60.48,0.8225930333333333,PROBABLE_FAILURE,SYNTHETIC_EXPLORATORY_NOT_OPENSEES
1.25,0.75,0.5,DECK,4.2140625,6.2306953125,47.39840000000001,0.6144450307812501,CRITICAL,SYNTHETIC_EXPLORATORY_NOT_OPENSEES
1.25,0.75,0.5,SUPPORT,7.491666666666665,12.367291666666665,71.3664,1.0,PROBABLE_FAILURE,SYNTHETIC_EXPLORATORY_NOT_OPENSEES
1.25,0.75,0.6,ARCH,6.867533333333332,10.646892,63.936,0.9812192000000001,PROBABLE_FAILURE,SYNTHETIC_EXPLORATORY_NOT_OPENSEES
1.25,0.75,0.6,DECK,4.836291079812206,7.150690375586853,49.518080000000005,0.694385142314554,CRITICAL,SYNTHETIC_EXPLORATORY_NOT_OPENSEES
1.25,0.75,0.6,SUPPORT,11.84057471264368,19.54649712643678,76.19967999999999,1.0,PROBABLE_FAILURE,SYNTHETIC_EXPLORATORY_NOT_OPENSEES
1.25,0.9,0.0,ARCH,2.1527777777777777,3.3375000000000004,43.2,0.32943930555555556,SAFE,SYNTHETIC_EXPLORATORY_NOT_OPENSEES
1.25,0.9,0.0,DECK,2.1527777777777777,3.182986111111111,36.800000000000004,0.2981257986111111,SAFE,SYNTHETIC_EXPLORATORY_NOT_OPENSEES
1.25,0.9,0.0,SUPPORT,2.1527777777777777,3.553819444444444,47.199999999999996,0.3540995486111111,SAFE,SYNTHETIC_EXPLORATORY_NOT_OPENSEES
1.25,0.9,0.1,ARCH,2.396185185185185,3.7148600000000003,46.656000000000006,0.39201314506172846,MODERATE,SYNTHETIC_EXPLORATORY_NOT_OPENSEES
1.25,0.9,0.1,DECK,2.3238864942528736,3.435978627873563,38.91968000000001,0.34082442140110153,SAFE,SYNTHETIC_EXPLORATORY_NOT_OPENSEES
1.25,0.9,0.1,SUPPORT,2.4731269113149845,4.082653860856269,52.03328,0.43797863791004077,MODERATE,SYNTHETIC_EXPLORATORY_NOT_OPENSEES
1.25,0.9,0.2,ARCH,2.709916666666666,4.201245,50.11200000000001,0.4607637569444445,MODERATE,SYNTHETIC_EXPLORATORY_NOT_OPENSEES
1.25,0.9,0.2,DECK,2.532632398753894,3.7446195482866043,41.03936,0.38661320608359295,MODERATE,SYNTHETIC_EXPLORATORY_NOT_OPENSEES
1.25,0.9,0.2,SUPPORT,2.9138888888888888,4.810266577060931,56.86656,0.5331118071642772,MODERATE,SYNTHETIC_EXPLORATORY_NOT_OPENSEES
1.25,0.9,0.3,ARCH,3.124111111111111,4.843380000000001,53.568000000000005,0.5383383293650794,MODERATE,SYNTHETIC_EXPLORATORY_NOT_OPENSEES
1.25,0.9,0.3,DECK,2.789384920634921,4.124240575396826,43.159040000000005,0.4363435237922336,MODERATE,SYNTHETIC_EXPLORATORY_NOT_OPENSEES
1.25,0.9,0.3,SUPPORT,3.5501262626262626,5.860571338383838,61.69983999999999,0.6465145867355699,CRITICAL,SYNTHETIC_EXPLORATORY_NOT_OPENSEES
1.25,0.9,0.4,ARCH,3.689,5.719140000000001,57.02400000000001,0.6291488425925926,CRITICAL,SYNTHETIC_EXPLORATORY_NOT_OPENSEES
1.25,0.9,0.4,DECK,3.1087078651685394,4.596375,45.27872,0.49121112050124843,MODERATE,SYNTHETIC_EXPLORATORY_NOT_OPENSEES
1.25,0.9,0.4,SUPPORT,4.535655737704919,7.487489754098362,66.53312,0.7925630634307833,PROBABLE_FAILURE,SYNTHETIC_EXPLORATORY_NOT_OPENSEES
1.25,0.9,0.5,ARCH,4.494999999999999,6.968700000000001,60.48,0.7411368611111112,CRITICAL,SYNTHETIC_EXPLORATORY_NOT_OPENSEES
1.25,0.9,0.5,DECK,3.511718749999999,5.19224609375,47.39840000000001,0.552949827873264,MODERATE,SYNTHETIC_EXPLORATORY_NOT_OPENSEES
1.25,0.9,0.5,SUPPORT,6.2430555555555545,10.306076388888888,71.3664,1.0,PROBABLE_FAILURE,SYNTHETIC_EXPLORATORY_NOT_OPENSEES
1.25,0.9,0.6,ARCH,5.722944444444444,8.87241,63.936,0.890185513888889,PROBABLE_FAILURE,SYNTHETIC_EXPLORATORY_NOT_OPENSEES
1.25,0.9,0.6,DECK,4.0302425665101715,5.958908646322377,49.518080000000005,0.6241726034843504,CRITICAL,SYNTHETIC_EXPLORATORY_NOT_OPENSEES
1.25,0.9,0.6,SUPPORT,9.867145593869733,16.288747605363984,76.19967999999999,1.0,PROBABLE_FAILURE,SYNTHETIC_EXPLORATORY_NOT_OPENSEES
1.25,1.05,0.0,ARCH,1.8452380952380951,2.860714285714286,43.2,0.3012394047619048,SAFE,SYNTHETIC_EXPLORATORY_NOT_OPENSEES
1.25,1.05,0.0,DECK,1.8452380952380951,2.7282738095238095,36.800000000000004,0.2708640178571429,SAFE,SYNTHETIC_EXPLORATORY_NOT_OPENSEES
1.25,1.05,0.0,SUPPORT,1.8452380952380951,3.046130952380952,47.199999999999996,0.3245862797619048,SAFE,SYNTHETIC_EXPLORATORY_NOT_OPENSEES
1.25,1.05,0.1,ARCH,2.053873015873016,3.1841657142857147,46.656000000000006,0.36064029576719586,SAFE,SYNTHETIC_EXPLORATORY_NOT_OPENSEES
1.25,1.05,0.1,DECK,1.991902709359606,2.94512453817734,38.91968000000001,0.3114108511057061,SAFE,SYNTHETIC_EXPLORATORY_NOT_OPENSEES
1.25,1.05,0.1,SUPPORT,2.1198230668414153,3.499417595019659,52.03328,0.4040895966847968,MODERATE,SYNTHETIC_EXPLORATORY_NOT_OPENSEES
1.25,1.05,0.2,ARCH,2.322785714285714,3.601067142857143,50.11200000000001,0.42533556309523807,MODERATE,SYNTHETIC_EXPLORATORY_NOT_OPENSEES
1.25,1.05,0.2,DECK,2.1708277703604804,3.2096738985313746,41.03936,0.3546063945478416,SAFE,SYNTHETIC_EXPLORATORY_NOT_OPENSEES
1.25,1.05,0.2,SUPPORT,2.4976190476190476,4.1230856374807985,56.86656,0.49323926785509475,MODERATE,SYNTHETIC_EXPLORATORY_NOT_OPENSEES
1.25,1.05,0.3,ARCH,2.677809523809524,4.151468571428572,53.568000000000005,0.4975942251700681,MODERATE,SYNTHETIC_EXPLORATORY_NOT_OPENSEES
1.25,1.05,0.3,DECK,2.3909013605442175,3.535063350340136,43.159040000000005,0.40118039486953355,MODERATE,SYNTHETIC_EXPLORATORY_NOT_OPENSEES
1.25,1.05,0.3,SUPPORT,3.042965367965368,5.023346861471861,61.69983999999999,0.5980486050114409,CRITICAL,SYNTHETIC_EXPLORATORY_NOT_OPENSEES
1.25,1.05,0.4,ARCH,3.1620000000000004,4.902120000000002,57.02400000000001,0.5811979793650794,CRITICAL,SYNTHETIC_EXPLORATORY_NOT_OPENSEES
1.25,1.05,0.4,DECK,2.6646067415730337,3.93975,45.27872,0.4521577771915463,MODERATE,SYNTHETIC_EXPLORATORY_NOT_OPENSEES
1.25,1.05,0.4,SUPPORT,3.8877049180327874,6.417848360655738,66.53312,0.7308399682740047,CRITICAL,SYNTHETIC_EXPLORATORY_NOT_OPENSEES
1.25,1.05,0.5,ARCH,3.8528571428571423,5.97317142857143,60.48,0.682953880952381,CRITICAL,SYNTHETIC_EXPLORATORY_NOT_OPENSEES
1.25,1.05,0.5,DECK,3.0100446428571423,4.450496651785714,47.39840000000001,0.5090246829389882,MODERATE,SYNTHETIC_EXPLORATORY_NOT_OPENSEES
1.25,1.05,0.5,SUPPORT,5.351190476190475,8.833779761904761,71.3664,0.9214608521560846,PROBABLE_FAILURE,SYNTHETIC_EXPLORATORY_NOT_OPENSEES
1.25,1.05,0.6,ARCH,4.905380952380952,7.604922857142857,63.936,0.8164760404761905,PROBABLE_FAILURE,SYNTHETIC_EXPLORATORY_NOT_OPENSEES
1.25,1.05,0.6,DECK,3.45449362843729,5.107635982562038,49.518080000000005,0.5740207900342053,MODERATE,SYNTHETIC_EXPLORATORY_NOT_OPENSEES
1.25,1.05,0.6,SUPPORT,8.457553366174057,13.961783661740558,76.19967999999999,1.0,PROBABLE_FAILURE,SYNTHETIC_EXPLORATORY_NOT_OPENSEES
1.25,1.2,0.0,ARCH,1.6145833333333335,2.5031250000000007,43.2,0.2800894791666667,SAFE,SYNTHETIC_EXPLORATORY_NOT_OPENSEES
1.25,1.2,0.0,DECK,1.6145833333333335,2.3872395833333333,36.800000000000004,0.25041768229166667,SAFE,SYNTHETIC_EXPLORATORY_NOT_OPENSEES
1.25,1.2,0.0,SUPPORT,1.6145833333333335,2.6653645833333335,47.199999999999996,0.302451328125,SAFE,SYNTHETIC_EXPLORATORY_NOT_OPENSEES
1.25,1.2,0.1,ARCH,1.7971388888888888,2.7861450000000003,46.656000000000006,0.33711065879629637,SAFE,SYNTHETIC_EXPLORATORY_NOT_OPENSEES
1.25,1.2,0.1,DECK,1.7429148706896553,2.5769839709051725,38.91968000000001,0.28935067338415954,SAFE,SYNTHETIC_EXPLORATORY_NOT_OPENSEES
1.25,1.2,0.1,SUPPORT,1.8548451834862387,3.061990395642202,52.03328,0.3786728157658639,SAFE,SYNTHETIC_EXPLORATORY_NOT_OPENSEES
1.25,1.2,0.2,ARCH,2.0324375,3.1509337500000005,50.11200000000001,0.3987644177083334,MODERATE,SYNTHETIC_EXPLORATORY_NOT_OPENSEES
1.25,1.2,0.2,DECK,1.8994742990654205,2.8084646612149533,41.03936,0.3306012858960281,SAFE,SYNTHETIC_EXPLORATORY_NOT_OPENSEES
1.25,1.2,0.2,SUPPORT,2.185416666666667,3.6076999327956987,56.86656,0.4633348633732079,MODERATE,SYNTHETIC_EXPLORATORY_NOT_OPENSEES
1.25,1.2,0.3,ARCH,2.3430833333333334,3.6325350000000007,53.568000000000005,0.4670361470238096,MODERATE,SYNTHETIC_EXPLORATORY_NOT_OPENSEES
1.25,1.2,0.3,DECK,2.0920386904761905,3.0931804315476192,43.159040000000005,0.3748080481775085,SAFE,SYNTHETIC_EXPLORATORY_NOT_OPENSEES
1.25,1.2,0.3,SUPPORT,2.6625946969696974,4.395428503787879,61.69983999999999,0.5616991187183441,MODERATE,SYNTHETIC_EXPLORATORY_NOT_OPENSEES
1.25,1.2,0.4,ARCH,2.7667500000000005,4.289355000000001,57.02400000000001,0.5452348319444444,MODERATE,SYNTHETIC_EXPLORATORY_NOT_OPENSEES
1.25,1.2,0.4,DECK,2.3315308988764047,3.4472812500000005,45.27872,0.4228677697092697,MODERATE,SYNTHETIC_EXPLORATORY_NOT_OPENSEES
1.25,1.2,0.4,SUPPORT,3.401741803278689,5.615617315573771,66.53312,0.6845476469064208,CRITICAL,SYNTHETIC_EXPLORATORY_NOT_OPENSEES
1.25,1.2,0.5,ARCH,3.37125,5.226525000000001,60.48,0.6393166458333334,CRITICAL,SYNTHETIC_EXPLORATORY_NOT_OPENSEES
1.25,1.2,0.5,DECK,2.6337890624999996,3.8941845703125,47.39840000000001,0.4760808242382813,MODERATE,SYNTHETIC_EXPLORATORY_NOT_OPENSEES
1.25,1.2,0.5,SUPPORT,4.682291666666666,7.729557291666667,71.3664,0.8579970056365742,PROBABLE_FAILURE,SYNTHETIC_EXPLORATORY_NOT_OPENSEES
1.25,1.2,0.6,ARCH,4.292208333333334,6.654307500000001,63.936,0.7611939354166668,CRITICAL,SYNTHETIC_EXPLORATORY_NOT_OPENSEES
1.25,1.2,0.6,DECK,3.0226819248826287,4.469181484741783,49.518080000000005,0.5364069299465962,MODERATE,SYNTHETIC_EXPLORATORY_NOT_OPENSEES
1.25,1.2,0.6,SUPPORT,7.4003591954023,12.216560704022989,76.19967999999999,1.0,PROBABLE_FAILURE,SYNTHETIC_EXPLORATORY_NOT_OPENSEES
1.4,0.6,0.0,ARCH,3.800682666666667,5.89228416,48.384,0.48584021013333334,MODERATE,SYNTHETIC_EXPLORATORY_NOT_OPENSEES
1.4,0.6,0.0,DECK,3.800682666666667,5.619493226666667,41.216,0.4465303288,MODERATE,SYNTHETIC_EXPLORATORY_NOT_OPENSEES
1.4,0.6,0.0,SUPPORT,3.800682666666667,6.274191466666666,52.864,0.5193939373333334,MODERATE,SYNTHETIC_EXPLORATORY_NOT_OPENSEES
1.4,0.6,0.1,ARCH,4.230053333333333,6.5579472,52.254720000000006,0.5653569325925927,MODERATE,SYNTHETIC_EXPLORATORY_NOT_OPENSEES
1.4,0.6,0.1,DECK,4.1024224137931045,6.065630043103449,43.590041600000006,0.5005762882599426,MODERATE,SYNTHETIC_EXPLORATORY_NOT_OPENSEES
1.4,0.6,0.1,SUPPORT,4.365880733944954,7.207224082568807,58.2772736,0.6267715639979816,CRITICAL,SYNTHETIC_EXPLORATORY_NOT_OPENSEES
1.4,0.6,0.2,ARCH,4.78268,7.4146968,56.125440000000005,0.6553096486666669,CRITICAL,SYNTHETIC_EXPLORATORY_NOT_OPENSEES
1.4,0.6,0.2,DECK,4.469794392523365,6.6088072897196275,45.9640832,0.559834123108536,MODERATE,SYNTHETIC_EXPLORATORY_NOT_OPENSEES
1.4,0.6,0.2,SUPPORT,5.142666666666667,8.489547311827957,63.690547200000005,0.7532030450514697,CRITICAL,SYNTHETIC_EXPLORATORY_NOT_OPENSEES
1.4,0.6,0.3,ARCH,5.5113866666666675,8.544427200000001,59.99616,0.7601709270476191,CRITICAL,SYNTHETIC_EXPLORATORY_NOT_OPENSEES
1.4,0.6,0.3,DECK,4.920880952380953,7.275760595238095,48.3381248,0.6257397581977551,CRITICAL,SYNTHETIC_EXPLORATORY_NOT_OPENSEES
1.4,0.6,0.3,SUPPORT,6.262939393939395,10.33890075757576,69.1038208,0.9105661079050218,PROBABLE_FAILURE,SYNTHETIC_EXPLORATORY_NOT_OPENSEES
1.4,0.6,0.4,ARCH,6.504213333333334,10.083628800000003,63.86688,0.8873950488888891,PROBABLE_FAILURE,SYNTHETIC_EXPLORATORY_NOT_OPENSEES
1.4,0.6,0.4,DECK,5.481078651685395,8.104040000000001,50.7121664,0.700309941915206,CRITICAL,SYNTHETIC_EXPLORATORY_NOT_OPENSEES
1.4,0.6,0.4,SUPPORT,7.996983606557379,13.201472131147542,74.5170944,0.9983727650133334,PROBABLE_FAILURE,SYNTHETIC_EXPLORATORY_NOT_OPENSEES
1.4,0.6,0.5,ARCH,7.919632000000001,12.27798432,67.7376,0.9689187200000001,PROBABLE_FAILURE,SYNTHETIC_EXPLORATORY_NOT_OPENSEES
1.4,0.6,0.5,DECK,6.1872125,9.1480930625,53.086208000000006,0.7864689594229166,PROBABLE_FAILURE,SYNTHETIC_EXPLORATORY_NOT_OPENSEES
1.4,0.6,0.5,SUPPORT,10.99948888888889,18.15802722222222,79.930368,1.0,PROBABLE_FAILURE,SYNTHETIC_EXPLORATORY_NOT_OPENSEES
1.4,0.6,0.6,ARCH,10.074586666666667,15.618859200000001,71.60832,1.0,PROBABLE_FAILURE,SYNTHETIC_EXPLORATORY_NOT_OPENSEES
1.4,0.6,0.6,DECK,7.094779342723004,10.48997455399061,55.4602496,0.8847999134768074,PROBABLE_FAILURE,SYNTHETIC_EXPLORATORY_NOT_OPENSEES
1.4,0.6,0.6,SUPPORT,17.369977011494253,28.674470114942526,85.34364159999998,1.0,PROBABLE_FAILURE,SYNTHETIC_EXPLORATORY_NOT_OPENSEES
1.4,0.75,0.0,ARCH,3.0405461333333332,4.713827328,48.384,0.4190891281066667,MODERATE,SYNTHETIC_EXPLORATORY_NOT_OPENSEES
1.4,0.75,0.0,DECK,3.0405461333333332,4.495594581333333,41.216,0.38209796970666665,MODERATE,SYNTHETIC_EXPLORATORY_NOT_OPENSEES
1.4,0.75,0.0,SUPPORT,3.0405461333333332,5.019353173333333,52.864,0.4493966432,MODERATE,SYNTHETIC_EXPLORATORY_NOT_OPENSEES
1.4,0.75,0.1,ARCH,3.3840426666666668,5.2463577599999995,52.254720000000006,0.4910958628740741,MODERATE,SYNTHETIC_EXPLORATORY_NOT_OPENSEES
1.4,0.75,0.1,DECK,3.2819379310344825,4.852504034482759,43.590041600000006,0.43105866277862076,MODERATE,SYNTHETIC_EXPLORATORY_NOT_OPENSEES
1.4,0.75,0.1,SUPPORT,3.492704587155963,5.765779266055046,58.2772736,0.546397009449052,MODERATE,SYNTHETIC_EXPLORATORY_NOT_OPENSEES
1.4,0.75,0.2,ARCH,3.8261439999999998,5.931757439999999,56.125440000000005,0.5714513925333333,MODERATE,SYNTHETIC_EXPLORATORY_NOT_OPENSEES
1.4,0.75,0.2,DECK,3.5758355140186917,5.287045831775701,45.9640832,0.4841888561614953,MODERATE,SYNTHETIC_EXPLORATORY_NOT_OPENSEES
1.4,0.75,0.2,SUPPORT,4.114133333333333,6.791637849462364,63.690547200000005,0.6586404592091758,CRITICAL,SYNTHETIC_EXPLORATORY_NOT_OPENSEES
1.4,0.75,0.3,ARCH,4.409109333333335,6.835541760000002,59.99616,0.6637337720380954,CRITICAL,SYNTHETIC_EXPLORATORY_NOT_OPENSEES
1.4,0.75,0.3,DECK,3.936704761904762,5.8206084761904755,48.3381248,0.5426372897368706,MODERATE,SYNTHETIC_EXPLORATORY_NOT_OPENSEES
1.4,0.75,0.3,SUPPORT,5.010351515151516,8.271120606060608,69.1038208,0.7956291744093508,PROBABLE_FAILURE,SYNTHETIC_EXPLORATORY_NOT_OPENSEES
1.4,0.75,0.4,ARCH,5.203370666666668,8.066903040000003,63.86688,0.7739064263111113,CRITICAL,SYNTHETIC_EXPLORATORY_NOT_OPENSEES
1.4,0.75,0.4,DECK,4.384862921348315,6.483232,50.7121664,0.6080173622148315,CRITICAL,SYNTHETIC_EXPLORATORY_NOT_OPENSEES
1.4,0.75,0.4,SUPPORT,6.397586885245903,10.561177704918032,74.5170944,0.9699847868712569,PROBABLE_FAILURE,SYNTHETIC_EXPLORATORY_NOT_OPENSEES
1.4,0.75,0.5,ARCH,6.335705600000001,9.822387456,67.7376,0.9127035202133333,PROBABLE_FAILURE,SYNTHETIC_EXPLORATORY_NOT_OPENSEES
1.4,0.75,0.5,DECK,4.949770000000001,7.31847445,53.086208000000006,0.6826685017250002,CRITICAL,SYNTHETIC_EXPLORATORY_NOT_OPENSEES
1.4,0.75,0.5,SUPPORT,8.799591111111111,14.526421777777776,79.930368,1.0,PROBABLE_FAILURE,SYNTHETIC_EXPLORATORY_NOT_OPENSEES
1.4,0.75,0.6,ARCH,8.059669333333332,12.495087359999998,71.60832,1.0,PROBABLE_FAILURE,SYNTHETIC_EXPLORATORY_NOT_OPENSEES
1.4,0.75,0.6,DECK,5.6758234741784035,8.391979643192487,55.4602496,0.7701163253077933,CRITICAL,SYNTHETIC_EXPLORATORY_NOT_OPENSEES
1.4,0.75,0.6,SUPPORT,13.895981609195402,22.93957609195402,85.34364159999998,1.0,PROBABLE_FAILURE,SYNTHETIC_EXPLORATORY_NOT_OPENSEES
1.4,0.9,0.0,ARCH,2.5337884444444443,3.92818944,48.384,0.3745884067555556,SAFE,SYNTHETIC_EXPLORATORY_NOT_OPENSEES
1.4,0.9,0.0,DECK,2.5337884444444443,3.7463288177777776,41.216,0.3391430636444444,SAFE,SYNTHETIC_EXPLORATORY_NOT_OPENSEES
1.4,0.9,0.0,SUPPORT,2.5337884444444443,4.1827943111111106,52.864,0.4027317804444444,MODERATE,SYNTHETIC_EXPLORATORY_NOT_OPENSEES
1.4,0.9,0.1,ARCH,2.8200355555555556,4.3719648,52.254720000000006,0.4415884830617285,MODERATE,SYNTHETIC_EXPLORATORY_NOT_OPENSEES
1.4,0.9,0.1,DECK,2.734948275862069,4.043753362068966,43.590041600000006,0.3847135791244062,MODERATE,SYNTHETIC_EXPLORATORY_NOT_OPENSEES
1.4,0.9,0.1,SUPPORT,2.9105871559633028,4.804816055045872,58.2772736,0.49281397308309893,MODERATE,SYNTHETIC_EXPLORATORY_NOT_OPENSEES
1.4,0.9,0.2,ARCH,3.188453333333333,4.943131199999999,56.125440000000005,0.5155458884444444,MODERATE,SYNTHETIC_EXPLORATORY_NOT_OPENSEES
1.4,0.9,0.2,DECK,2.97986292834891,4.405871526479751,45.9640832,0.4337586781968017,MODERATE,SYNTHETIC_EXPLORATORY_NOT_OPENSEES
1.4,0.9,0.2,SUPPORT,3.4284444444444446,5.659698207885304,63.690547200000005,0.5955987353143131,CRITICAL,SYNTHETIC_EXPLORATORY_NOT_OPENSEES
1.4,0.9,0.3,ARCH,3.6742577777777785,5.696284800000001,59.99616,0.5994423353650794,CRITICAL,SYNTHETIC_EXPLORATORY_NOT_OPENSEES
1.4,0.9,0.3,DECK,3.280587301587302,4.8505070634920635,48.3381248,0.4872356440962812,MODERATE,SYNTHETIC_EXPLORATORY_NOT_OPENSEES
1.4,0.9,0.3,SUPPORT,4.1752929292929295,6.892600505050505,69.1038208,0.7190045520789035,CRITICAL,SYNTHETIC_EXPLORATORY_NOT_OPENSEES
1.4,0.9,0.4,ARCH,4.336142222222223,6.722419200000001,63.86688,0.6982473445925927,CRITICAL,SYNTHETIC_EXPLORATORY_NOT_OPENSEES
1.4,0.9,0.4,DECK,3.654052434456929,5.402693333333334,50.7121664,0.5464889757479152,MODERATE,SYNTHETIC_EXPLORATORY_NOT_OPENSEES
1.4,0.9,0.4,SUPPORT,5.331322404371586,8.800981420765028,74.5170944,0.8792578269441167,PROBABLE_FAILURE,SYNTHETIC_EXPLORATORY_NOT_OPENSEES
1.4,0.9,0.5,ARCH,5.279754666666667,8.18532288,67.7376,0.8209060535111111,PROBABLE_FAILURE,SYNTHETIC_EXPLORATORY_NOT_OPENSEES
1.4,0.9,0.5,DECK,4.124808333333333,6.098728708333333,53.086208000000006,0.6134681965930556,CRITICAL,SYNTHETIC_EXPLORATORY_NOT_OPENSEES
1.4,0.9,0.5,SUPPORT,7.332992592592594,12.10535148148148,79.930368,1.0,PROBABLE_FAILURE,SYNTHETIC_EXPLORATORY_NOT_OPENSEES
1.4,0.9,0.6,ARCH,6.71639111111111,10.412572799999998,71.60832,0.984774392888889,PROBABLE_FAILURE,SYNTHETIC_EXPLORATORY_NOT_OPENSEES
1.4,0.9,0.6,DECK,4.729852895148669,6.993316369327072,55.4602496,0.6911113208320498,CRITICAL,SYNTHETIC_EXPLORATORY_NOT_OPENSEES
1.4,0.9,0.6,SUPPORT,11.579984674329502,19.116313409961684,85.34364159999998,1.0,PROBABLE_FAILURE,SYNTHETIC_EXPLORATORY_NOT_OPENSEES
1.4,1.05,0.0,ARCH,2.171818666666667,3.36701952,48.384,0.34280217721904765,SAFE,SYNTHETIC_EXPLORATORY_NOT_OPENSEES
1.4,1.05,0.0,DECK,2.171818666666667,3.2111389866666666,41.216,0.3084609878857143,SAFE,SYNTHETIC_EXPLORATORY_NOT_OPENSEES
1.4,1.05,0.0,SUPPORT,2.171818666666667,3.585252266666666,52.864,0.3693997356190476,SAFE,SYNTHETIC_EXPLORATORY_NOT_OPENSEES
1.4,1.05,0.1,ARCH,2.4171733333333334,3.7473984,52.254720000000006,0.406226068910053,MODERATE,SYNTHETIC_EXPLORATORY_NOT_OPENSEES
1.4,1.05,0.1,DECK,2.3442413793103447,3.466074310344828,43.590041600000006,0.35160994794282435,SAFE,SYNTHETIC_EXPLORATORY_NOT_OPENSEES
1.4,1.05,0.1,SUPPORT,2.494788990825688,4.11841376146789,58.2772736,0.45454037567884675,MODERATE,SYNTHETIC_EXPLORATORY_NOT_OPENSEES
1.4,1.05,0.2,ARCH,2.73296,4.236969599999999,56.125440000000005,0.4756133855238095,MODERATE,SYNTHETIC_EXPLORATORY_NOT_OPENSEES
1.4,1.05,0.2,DECK,2.5541682242990653,3.776461308411215,45.9640832,0.3977371225077348,MODERATE,SYNTHETIC_EXPLORATORY_NOT_OPENSEES
1.4,1.05,0.2,SUPPORT,2.9386666666666668,4.851169892473118,63.690547200000005,0.5505689325322684,MODERATE,SYNTHETIC_EXPLORATORY_NOT_OPENSEES
1.4,1.05,0.3,ARCH,3.14936380952381,4.882529828571429,59.99616,0.5535198805986395,MODERATE,SYNTHETIC_EXPLORATORY_NOT_OPENSEES
1.4,1.05,0.3,DECK,2.811931972789116,4.157577482993197,48.3381248,0.44766304006728863,MODERATE,SYNTHETIC_EXPLORATORY_NOT_OPENSEES
1.4,1.05,0.3,SUPPORT,3.578822510822511,5.90794329004329,69.1038208,0.6642726789857267,CRITICAL,SYNTHETIC_EXPLORATORY_NOT_OPENSEES
1.4,1.05,0.4,ARCH,3.716693333333334,5.762073600000001,63.86688,0.6442051433650794,CRITICAL,SYNTHETIC_EXPLORATORY_NOT_OPENSEES
1.4,1.05,0.4,DECK,3.132044943820225,4.63088,50.7121664,0.5025401282715464,MODERATE,SYNTHETIC_EXPLORATORY_NOT_OPENSEES
1.4,1.05,0.4,SUPPORT,4.569704918032788,7.543698360655738,74.5170944,0.8095599609540047,PROBABLE_FAILURE,SYNTHETIC_EXPLORATORY_NOT_OPENSEES
1.4,1.05,0.5,ARCH,4.525504000000001,7.015991039999999,67.7376,0.7553364344380953,CRITICAL,SYNTHETIC_EXPLORATORY_NOT_OPENSEES
1.4,1.05,0.5,DECK,3.53555,5.22748175,53.086208000000006,0.5640394072130953,MODERATE,SYNTHETIC_EXPLORATORY_NOT_OPENSEES
1.4,1.05,0.5,SUPPORT,6.2854222222222225,10.376015555555554,79.930368,1.0,PROBABLE_FAILURE,SYNTHETIC_EXPLORATORY_NOT_OPENSEES
1.4,1.05,0.6,ARCH,5.756906666666666,8.925062399999998,71.60832,0.9022482750476191,PROBABLE_FAILURE,SYNTHETIC_EXPLORATORY_NOT_OPENSEES
1.4,1.05,0.6,DECK,4.0541596244131455,5.99427117370892,55.4602496,0.6346791747779477,CRITICAL,SYNTHETIC_EXPLORATORY_NOT_OPENSEES
1.4,1.05,0.6,SUPPORT,9.925701149425288,16.38541149425287,85.34364159999998,1.0,PROBABLE_FAILURE,SYNTHETIC_EXPLORATORY_NOT_OPENSEES
1.4,1.2,0.0,ARCH,1.9003413333333334,2.94614208,48.384,0.3189625050666666,SAFE,SYNTHETIC_EXPLORATORY_NOT_OPENSEES
1.4,1.2,0.0,DECK,1.9003413333333334,2.8097466133333335,41.216,0.28544943106666665,SAFE,SYNTHETIC_EXPLORATORY_NOT_OPENSEES
1.4,1.2,0.0,SUPPORT,1.9003413333333334,3.137095733333333,52.864,0.344400702,SAFE,SYNTHETIC_EXPLORATORY_NOT_OPENSEES
1.4,1.2,0.1,ARCH,2.1150266666666666,3.2789736,52.254720000000006,0.37970425829629634,SAFE,SYNTHETIC_EXPLORATORY_NOT_OPENSEES
1.4,1.2,0.1,DECK,2.0512112068965522,3.0328150215517247,43.590041600000006,0.32678222455663797,SAFE,SYNTHETIC_EXPLORATORY_NOT_OPENSEES
1.4,1.2,0.1,SUPPORT,2.182940366972477,3.6036120412844035,58.2772736,0.42583517762565753,MODERATE,SYNTHETIC_EXPLORATORY_NOT_OPENSEES
1.4,1.2,0.2,ARCH,2.39134,3.7073484,56.125440000000005,0.44566400833333336,MODERATE,SYNTHETIC_EXPLORATORY_NOT_OPENSEES
1.4,1.2,0.2,DECK,2.2348971962616826,3.3044036448598137,45.9640832,0.37072095574093467,SAFE,SYNTHETIC_EXPLORATORY_NOT_OPENSEES
1.4,1.2,0.2,SUPPORT,2.5713333333333335,4.244773655913979,63.690547200000005,0.5167965804457348,MODERATE,SYNTHETIC_EXPLORATORY_NOT_OPENSEES
1.4,1.2,0.3,ARCH,2.7556933333333338,4.272213600000001,59.99616,0.5190780395238096,MODERATE,SYNTHETIC_EXPLORATORY_NOT_OPENSEES
1.4,1.2,0.3,DECK,2.4604404761904766,3.6378802976190476,48.3381248,0.41798358704554417,MODERATE,SYNTHETIC_EXPLORATORY_NOT_OPENSEES
1.4,1.2,0.3,SUPPORT,3.1314696969696976,5.16945037878788,69.1038208,0.6232237741658443,CRITICAL,SYNTHETIC_EXPLORATORY_NOT_OPENSEES
1.4,1.2,0.4,ARCH,3.252106666666667,5.041814400000002,63.86688,0.6036734924444445,CRITICAL,SYNTHETIC_EXPLORATORY_NOT_OPENSEES
1.4,1.2,0.4,DECK,2.7405393258426973,4.052020000000001,50.7121664,0.4695784926642697,MODERATE,SYNTHETIC_EXPLORATORY_NOT_OPENSEES
1.4,1.2,0.4,SUPPORT,3.9984918032786894,6.600736065573771,74.5170944,0.7572865614614208,CRITICAL,SYNTHETIC_EXPLORATORY_NOT_OPENSEES
1.4,1.2,0.5,ARCH,3.9598160000000004,6.13899216,67.7376,0.7061592201333333,CRITICAL,SYNTHETIC_EXPLORATORY_NOT_OPENSEES
1.4,1.2,0.5,DECK,3.09360625,4.57404653125,53.086208000000006,0.526967815178125,MODERATE,SYNTHETIC_EXPLORATORY_NOT_OPENSEES
1.4,1.2,0.5,SUPPORT,5.499744444444445,9.07901361111111,79.930368,0.948462908812963,PROBABLE_FAILURE,SYNTHETIC_EXPLORATORY_NOT_OPENSEES
1.4,1.2,0.6,ARCH,5.037293333333333,7.8094296000000005,71.60832,0.8399529286666668,PROBABLE_FAILURE,SYNTHETIC_EXPLORATORY_NOT_OPENSEES
1.4,1.2,0.6,DECK,3.547389671361502,5.244987276995305,55.4602496,0.5923550652373708,CRITICAL,SYNTHETIC_EXPLORATORY_NOT_OPENSEES
1.4,1.2,0.6,SUPPORT,8.684988505747127,14.337235057471263,85.34364159999998,1.0,PROBABLE_FAILURE,SYNTHETIC_EXPLORATORY_NOT_OPENSEES
