element_tag,node_i,node_j,kind
1,1,3,DECK_LONG
2,2,4,ARCH
3,3,5,DECK_LONG
4,4,6,ARCH
5,5,7,DECK_LONG
6,6,8,ARCH
7,7,9,DECK_LONG
8,8,10,ARCH
9,9,11,DECK_LONG
10,10,12,ARCH
11,11,13,DECK_LONG
12,12,14,ARCH
13,13,15,DECK_LONG
14,14,16,ARCH
15,15,17,DECK_LONG
16,16,18,ARCH
17,17,19,DECK_LONG
18,18,20,ARCH
19,19,21,DECK_LONG
20,20,22,ARCH
21,21,23,DECK_LONG
22,22,24,ARCH
23,23,25,DECK_LONG
24,24,26,ARCH
25,25,27,DECK_LONG
26,26,28,ARCH
27,27,29,DECK_LONG
28,28,30,ARCH
29,29,31,DECK_LONG
30,30,32,ARCH
31,31,33,DECK_LONG
32,32,34,ARCH
33,33,35,DECK_LONG
34,34,36,ARCH
35,35,37,DECK_LONG
36,36,38,ARCH
37,37,39,DECK_LONG
38,38,40,ARCH
39,39,41,DECK_LONG
40,40,42,ARCH
41,41,43,DECK_LONG
42,42,44,ARCH
43,43,45,DECK_LONG
44,44,46,ARCH
45,45,47,DECK_LONG
46,46,48,ARCH
47,47,49,DECK_LONG
48,48,50,ARCH
49,2,1,SPANDREL
50,4,3,SPANDREL
51,6,5,SPANDREL
52,8,7,SPANDREL
53,10,9,SPANDREL
54,12,11,SPANDREL
55,14,13,SPANDREL
56,16,15,SPANDREL
57,18,17,SPANDREL
58,20,19,SPANDREL
59,22,21,SPANDREL
60,24,23,SPANDREL
61,26,25,SPANDREL
62,28,27,SPANDREL
63,30,29,SPANDREL
64,32,31,SPANDREL
65,34,33,SPANDREL
66,36,35,SPANDREL
67,38,37,SPANDREL
68,40,39,SPANDREL
69,42,41,SPANDREL
70,44,43,SPANDREL
71,46,45,SPANDREL
72,48,47,SPANDREL
73,50,49,SPANDREL
74,51,53,DECK_LONG
75,52,54,ARCH
76,53,55,DECK_LONG
77,54,56,ARCH
78,55,57,DECK_LONG
79,56,58,ARCH
80,57,59,DECK_LONG
81,58,60,ARCH
82,59,61,DECK_LONG
83,60,62,ARCH
84,61,63,DECK_LONG
85,62,64,ARCH
86,63,65,DECK_LONG
87,64,66,ARCH
88,65,67,DECK_LONG
89,66,68,ARCH
90,67,69,DECK_LONG
91,68,70,ARCH
92,69,71,DECK_LONG
93,70,72,ARCH
94,71,73,DECK_LONG
95,72,74,ARCH
96,73,75,DECK_LONG
97,74,76,ARCH
98,75,77,DECK_LONG
99,76,78,ARCH
100,77,79,DECK_LONG
101,78,80,ARCH
102,79,81,DECK_LONG
103,80,82,ARCH
104,81,83,DECK_LONG
105,82,84,ARCH
106,83,85,DECK_LONG
107,84,86,ARCH
108,85,87,DECK_LONG
109,86,88,ARCH
110,87,89,DECK_LONG
111,88,90,ARCH
112,89,91,DECK_LONG
113,90,92,ARCH
114,91,93,DECK_LONG
115,92,94,ARCH
116,93,95,DECK_LONG
117,94,96,ARCH
118,95,97,DECK_LONG
119,96,98,ARCH
120,97,99,DECK_LONG
121,98,100,ARCH
122,52,51,SPANDREL
123,54,53,SPANDREL
124,56,55,SPANDREL
125,58,57,SPANDREL
126,60,59,SPANDREL
127,62,61,SPANDREL
128,64,63,SPANDREL
129,66,65,SPANDREL
130,68,67,SPANDREL
131,70,69,SPANDREL
132,72,71,SPANDREL
133,74,73,SPANDREL
134,76,75,SPANDREL
135,78,77,SPANDREL
136,80,79,SPANDREL
137,82,81,SPANDREL
138,84,83,SPANDREL
139,86,85,SPANDREL
140,88,87,SPANDREL
141,90,89,SPANDREL
142,92,91,SPANDREL
143,94,93,SPANDREL
144,96,95,SPANDREL
145,98,97,SPANDREL
146,100,99,SPANDREL
147,1,51,DECK_CROSS
148,3,53,DECK_CROSS
149,5,55,DECK_CROSS
150,7,57,DECK_CROSS
151,9,59,DECK_CROSS
152,11,61,DECK_CROSS
153,13,63,DECK_CROSS
154,15,65,DECK_CROSS
155,17,67,DECK_CROSS
156,19,69,DECK_CROSS
157,21,71,DECK_CROSS
158,23,73,DECK_CROSS
159,25,75,DECK_CROSS
160,27,77,DECK_CROSS
161,29,79,DECK_CROSS
162,31,81,DECK_CROSS
163,33,83,DECK_CROSS
164,35,85,DECK_CROSS
165,37,87,DECK_CROSS
166,39,89,DECK_CROSS
167,41,91,DECK_CROSS
168,43,93,DECK_CROSS
169,45,95,DECK_CROSS
170,47,97,DECK_CROSS
171,49,99,DECK_CROSS
