node_tag,x,y,z,kind
1,-6.125572,-36.0606976,5.6,DECK
2,-6.125572,-36.0606976,3.17563,ARCH
3,-6.125572,-38.8191824375,5.6,DECK
4,-6.125572,-38.8191824375,4.0919190625,ARCH
5,-6.125572,-41.577667274999996,5.6,DECK
6,-6.125572,-41.577667274999996,4.7464112499999995,ARCH
7,-6.125572,-44.3361521125,5.6,DECK
8,-6.125572,-44.3361521125,5.1391065625,ARCH
9,-6.125572,-47.094636949999995,5.6,DECK
10,-6.125572,-47.094636949999995,5.270004999999999,ARCH
11,-6.125572,-49.8531217875,5.6,DECK
12,-6.125572,-49.8531217875,5.139106562499999,ARCH
13,-6.125572,-52.611606625,5.6,DECK
14,-6.125572,-52.611606625,4.7464112499999995,ARCH
15,-6.125572,-55.3700914625,5.6,DECK
16,-6.125572,-55.3700914625,4.0919190625,ARCH
17,-6.125572,-58.1285763,5.6,DECK
18,-6.125572,-58.1285763,3.17563,ARCH
19,-6.125572,-61.6469362,5.6,DECK
20,-6.125572,-61.6469362,4.0919190625,ARCH
21,-6.125572,-65.1652961,5.6,DECK
22,-6.125572,-65.1652961,4.74641125,ARCH
23,-6.125572,-68.683656,5.6,DECK
24,-6.125572,-68.683656,5.139106562499999,ARCH
25,-6.125572,-72.2020159,5.6,DECK
26,-6.125572,-72.2020159,5.270004999999999,ARCH
27,-6.125572,-75.7203758,5.6,DECK
28,-6.125572,-75.7203758,5.1391065625,ARCH
29,-6.125572,-79.2387357,5.6,DECK
30,-6.125572,-79.2387357,4.7464112499999995,ARCH
31,-6.125572,-82.75709560000001,5.6,DECK
32,-6.125572,-82.75709560000001,4.091919062499998,ARCH
33,-6.125572,-86.2754555,5.6,DECK
34,-6.125572,-86.2754555,3.17563,ARCH
35,-6.125572,-89.67497112500001,5.6,DECK
36,-6.125572,-89.67497112500001,4.0919190625000015,ARCH
37,-6.125572,-93.07448675,5.6,DECK
38,-6.125572,-93.07448675,4.7464112499999995,ARCH
39,-6.125572,-96.474002375,5.6,DECK
40,-6.125572,-96.474002375,5.1391065624999985,ARCH
41,-6.125572,-99.873518,5.6,DECK
42,-6.125572,-99.873518,5.270004999999999,ARCH
43,-6.125572,-103.27303362500001,5.6,DECK
44,-6.125572,-103.27303362500001,5.139106562499999,ARCH
45,-6.125572,-106.67254925,5.6,DECK
46,-6.125572,-106.67254925,4.7464112499999995,ARCH
47,-6.125572,-110.072064875,5.6,DECK
48,-6.125572,-110.072064875,4.0919190625000015,ARCH
49,-6.125572,-113.4715805,5.6,DECK
50,-6.125572,-113.4715805,3.17563,ARCH
51,7.506427,-36.0606976,5.6,DECK
52,7.506427,-36.0606976,3.17563,ARCH
53,7.506427,-38.8191824375,5.6,DECK
54,7.506427,-38.8191824375,4.0919190625,ARCH
55,7.506427,-41.577667274999996,5.6,DECK
56,7.506427,-41.577667274999996,4.7464112499999995,ARCH
57,7.506427,-44.3361521125,5.6,DECK
58,7.506427,-44.3361521125,5.1391065625,ARCH
59,7.506427,-47.094636949999995,5.6,DECK
60,7.506427,-47.094636949999995,5.270004999999999,ARCH
61,7.506427,-49.8531217875,5.6,DECK
62,7.506427,-49.8531217875,5.139106562499999,ARCH
63,7.506427,-52.611606625,5.6,DECK
64,7.506427,-52.611606625,4.7464112499999995,ARCH
65,7.506427,-55.3700914625,5.6,DECK
66,7.506427,-55.3700914625,4.0919190625,ARCH
67,7.506427,-58.1285763,5.6,DECK
68,7.506427,-58.1285763,3.17563,ARCH
69,7.506427,-61.6469362,5.6,DECK
70,7.506427,-61.6469362,4.0919190625,ARCH
71,7.506427,-65.1652961,5.6,DECK
72,7.506427,-65.1652961,4.74641125,ARCH
73,7.506427,-68.683656,5.6,DECK
74,7.506427,-68.683656,5.139106562499999,ARCH
75,7.506427,-72.2020159,5.6,DECK
76,7.506427,-72.2020159,5.270004999999999,ARCH
77,7.506427,-75.7203758,5.6,DECK
78,7.506427,-75.7203758,5.1391065625,ARCH
79,7.506427,-79.2387357,5.6,DECK
80,7.506427,-79.2387357,4.7464112499999995,ARCH
81,7.506427,-82.75709560000001,5.6,DECK
82,7.506427,-82.75709560000001,4.091919062499998,ARCH
83,7.506427,-86.2754555,5.6,DECK
84,7.506427,-86.2754555,3.17563,ARCH
85,7.506427,-89.67497112500001,5.6,DECK
86,7.506427,-89.67497112500001,4.0919190625000015,ARCH
87,7.506427,-93.07448675,5.6,DECK
88,7.506427,-93.07448675,4.7464112499999995,ARCH
89,7.506427,-96.474002375,5.6,DECK
90,7.506427,-96.474002375,5.1391065624999985,ARCH
91,7.506427,-99.873518,5.6,DECK
92,7.506427,-99.873518,5.270004999999999,ARCH
93,7.506427,-103.27303362500001,5.6,DECK
94,7.506427,-103.27303362500001,5.139106562499999,ARCH
95,7.506427,-106.67254925,5.6,DECK
96,7.506427,-106.67254925,4.7464112499999995,ARCH
97,7.506427,-110.072064875,5.6,DECK
98,7.506427,-110.072064875,4.0919190625000015,ARCH
99,7.506427,-113.4715805,5.6,DECK
100,7.506427,-113.4715805,3.17563,ARCH
